year,number,name,team,card_url
1960,316,Willie McCovey,San Francisco Giants,/ViewCard.cfm/sid/47/cid/27916/1960-Topps-316-Willie-McCovey
1960,317,Pumpsie Green,Boston Red Sox,/ViewCard.cfm/sid/47/cid/27917/1960-Topps-317-Pumpsie-Green
1960,318,Jim Baxes,Cleveland Indians,/ViewCard.cfm/sid/47/cid/27918/1960-Topps-318-Jim-Baxes
1960,319,Joe Koppe,Philadelphia Phillies,/ViewCard.cfm/sid/47/cid/27919/1960-Topps-319-Joe-Koppe
1960,320,Bob Allison,Washington Senators,/ViewCard.cfm/sid/47/cid/27920/1960-Topps-320-Bob-Allison
1960,321,Ron Fairly,Los Angeles Dodgers,/ViewCard.cfm/sid/47/cid/27921/1960-Topps-321-Ron-Fairly
1960,322,Willie Tasby,Baltimore Orioles,/ViewCard.cfm/sid/47/cid/27922/1960-Topps-322-Willie-Tasby
1960,323,Johnny Romano,Cleveland Indians,/ViewCard.cfm/sid/47/cid/27923/1960-Topps-323-Johnny-Romano
1960,324,Jim Perry,Cleveland Indians,/ViewCard.cfm/sid/47/cid/27924/1960-Topps-324-Jim-Perry
1960,325,Jim O'Toole,Cincinnati Reds,/ViewCard.cfm/sid/47/cid/27925/1960-Topps-325-Jim-O'Toole
1961,35,Ron Santo,Chicago Cubs,/ViewCard.cfm/sid/51/cid/9141/1961-Topps-35-Ron-Santo
1961,77,Dick Stigman,Cleveland Indians,/ViewCard.cfm/sid/51/cid/9183/1961-Topps-77-Dick-Stigman
1961,144,Jim Coker,Philadelphia Phillies,/ViewCard.cfm/sid/51/cid/9252/1961-Topps-144-Jim-Coker
1961,148,Julian Javier,St. Louis Cardinals,/ViewCard.cfm/sid/51/cid/9256/1961-Topps-148-Julian-Javier
1961,168,Tommy Davis,Los Angeles Dodgers,/ViewCard.cfm/sid/51/cid/9276/1961-Topps-168-Tommy-Davis
1961,240,Ron Hansen,Baltimore Orioles,/ViewCard.cfm/sid/51/cid/9349/1961-Topps-240-Ron-Hansen
1961,262,Tony Curry,Philadelphia Phillies,/ViewCard.cfm/sid/51/cid/9371/1961-Topps-262-Tony-Curry
1961,395,Chuck Estrada,Baltimore Orioles,/ViewCard.cfm/sid/51/cid/9506/1961-Topps-395-Chuck-Estrada
1961,559,Jim Gentile,Baltimore Orioles,/ViewCard.cfm/sid/51/cid/9671/1961-Topps-559-Jim-Gentile
1962,35,Don Schwall,Boston Red Sox,/ViewCard.cfm/sid/55/cid/28286/1962-Topps-35-Don-Schwall
1962,91,J.C. Martin,Chicago White Sox,/ViewCard.cfm/sid/55/cid/28342/1962-Topps-91-J.C.-Martin
1962,154,Lee Thomas,Los Angeles Angels,/ViewCard.cfm/sid/55/cid/28411/1962-Topps-154-Lee-Thomas
1962,218,Joe Torre,Milwaukee Braves,/ViewCard.cfm/sid/55/cid/28479/1962-Topps-218-Joe-Torre
1962,283,Charlie Smith,Chicago White Sox,/ViewCard.cfm/sid/55/cid/28544/1962-Topps-283-Charlie-Smith
1962,288,Billy Williams,Chicago Cubs,/ViewCard.cfm/sid/55/cid/28549/1962-Topps-288-Billy-Williams
1962,372,Jack Curtis,Chicago Cubs,/ViewCard.cfm/sid/55/cid/28633/1962-Topps-372-Jack-Curtis
1962,427,Jake Wood,Detroit Tigers,/ViewCard.cfm/sid/55/cid/28688/1962-Topps-427-Jake-Wood
1962,454,Floyd Robinson,Chicago White Sox,/ViewCard.cfm/sid/55/cid/28715/1962-Topps-454-Floyd-Robinson
1963,67,Ed Charles,Kansas City Athletics,/ViewCard.cfm/sid/60/cid/10379/1963-Topps-67-Ed-Charles
1963,111,Al Jackson,New York Mets,/ViewCard.cfm/sid/60/cid/10424/1963-Topps-111-Al-Jackson
1963,195,Manny Jimenez,Kansas City Athletics,/ViewCard.cfm/sid/60/cid/10508/1963-Topps-195-Manny-Jimenez
1963,211,Fred Whitfield,Cleveland Indians,/ViewCard.cfm/sid/60/cid/10524/1963-Topps-211-Fred-Whitfield
1963,280,Bob Rodgers,Los Angeles Angels,/ViewCard.cfm/sid/60/cid/10593/1963-Topps-280-Bob-Rodgers
1963,351,Al Luplow,Cleveland Indians,/ViewCard.cfm/sid/60/cid/10665/1963-Topps-351-Al-Luplow
1963,355,Dean Chance,Los Angeles Angels,/ViewCard.cfm/sid/60/cid/10669/1963-Topps-355-Dean-Chance
1963,398,Boog Powell,Baltimore Orioles,/ViewCard.cfm/sid/60/cid/10712/1963-Topps-398-Boog-Powell
1963,427,Bernie Allen,Minnesota Twins,/ViewCard.cfm/sid/60/cid/10741/1963-Topps-427-Bernie-Allen
1963,470,Tom Tresh,New York Yankees,/ViewCard.cfm/sid/60/cid/10786/1963-Topps-470-Tom-Tresh
1964,73,Jimmie Hall,Minnesota Twins,/ViewCard.cfm/sid/61/cid/10967/1964-Topps-73-Jimmie-Hall
1964,85,Pete Ward,Chicago White Sox,/ViewCard.cfm/sid/61/cid/10979/1964-Topps-85-Pete-Ward
1964,109,Rusty Staub,Houston Colt .45s,/ViewCard.cfm/sid/61/cid/11003/1964-Topps-109-Rusty-Staub
1964,125,Pete Rose,Cincinnati Reds,/ViewCard.cfm/sid/61/cid/11019/1964-Topps-125-Pete-Rose
1964,130,Gary Peters,Chicago White Sox,/ViewCard.cfm/sid/61/cid/11024/1964-Topps-130-Gary-Peters
1964,168,Al Weis,Chicago White Sox,/ViewCard.cfm/sid/61/cid/11062/1964-Topps-168-Al-Weis
1964,330,Tommy Harper,Cincinnati Reds,/ViewCard.cfm/sid/61/cid/11224/1964-Topps-330-Tommy-Harper
1964,412,Ray Culp,Philadelphia Phillies,/ViewCard.cfm/sid/61/cid/11306/1964-Topps-412-Ray-Culp
1964,435,Vic Davalillo,Cleveland Indians,/ViewCard.cfm/sid/61/cid/11329/1964-Topps-435-Vic-Davalillo
1965,18,Bill McCool,Cincinnati Reds,/ViewCard.cfm/sid/64/cid/11500/1965-Topps-18-Bill-McCool
1965,55,Tony Conigliaro,Boston Red Sox,/ViewCard.cfm/sid/64/cid/11537/1965-Topps-55-Tony-Conigliaro
1965,118,Hal Lanier,San Francisco Giants,/ViewCard.cfm/sid/64/cid/11601/1965-Topps-118-Hal-Lanier
1965,224,Bob Chance,Washington Senators,/ViewCard.cfm/sid/64/cid/11707/1965-Topps-224-Bob-Chance
1965,266,Bert Campaneris,Kansas City Athletics,/ViewCard.cfm/sid/64/cid/11749/1965-Topps-266-Bert-Campaneris
1965,290,Wally Bunker,Baltimore Orioles,/ViewCard.cfm/sid/64/cid/11773/1965-Topps-290-Wally-Bunker
1965,305,Rico Carty,Milwaukee Braves,/ViewCard.cfm/sid/64/cid/11788/1965-Topps-305-Rico-Carty
1965,340,Tony Oliva,Minnesota Twins,/ViewCard.cfm/sid/64/cid/11823/1965-Topps-340-Tony-Oliva
1965,460,Richie Allen,Philadelphia Phillies,/ViewCard.cfm/sid/64/cid/11943/1965-Topps-460-Richie-Allen
1966,35,Ron Swoboda,New York Mets,/ViewCard.cfm/sid/65/cid/28935/1966-Topps-35-Ron-Swoboda
1966,72,Tony Perez,Cincinnati Reds,/ViewCard.cfm/sid/65/cid/28975/1966-Topps-72-Tony-Perez
1966,78,Frank Linzy,San Francisco Giants,/ViewCard.cfm/sid/65/cid/28981/1966-Topps-78-Frank-Linzy
1966,137,Pat Corrales,St. Louis Cardinals,/ViewCard.cfm/sid/65/cid/29044/1966-Topps-137-Pat-Corrales
1966,155,Marcelino Lopez,California Angels,/ViewCard.cfm/sid/65/cid/29062/1966-Topps-155-Marcelino-Lopez
1966,195,Joe Morgan,Houston Astros,/ViewCard.cfm/sid/65/cid/29104/1966-Topps-195-Joe-Morgan
1966,298,Rico Petrocelli,Boston Red Sox,/ViewCard.cfm/sid/65/cid/29208/1966-Topps-298-Rico-Petrocelli
1966,376,Paul Schaal,California Angels,/ViewCard.cfm/sid/65/cid/29286/1966-Topps-376-Paul-Schaal
1966,460,Curt Blefary,Baltimore Orioles,/ViewCard.cfm/sid/65/cid/29372/1966-Topps-460-Curt-Blefary
1966,505,Jose Cardenal,California Angels,/ViewCard.cfm/sid/65/cid/29417/1966-Topps-505-Jose-Cardenal
1967,75,George Scott,Boston Red Sox,/ViewCard.cfm/sid/66/cid/13679/1967-Topps-75-George-Scott
1967,90,Jim Nash,Kansas City Athletics,/ViewCard.cfm/sid/66/cid/13695/1967-Topps-90-Jim-Nash
1967,106,Randy Hundley,Chicago Cubs,/ViewCard.cfm/sid/66/cid/13712/1967-Topps-106-Randy-Hundley
1967,165,Cleon Jones,New York Mets,/ViewCard.cfm/sid/66/cid/13771/1967-Topps-165-Cleon-Jones
1967,221,Woody Fryman,Pittsburgh Pirates,/ViewCard.cfm/sid/66/cid/13828/1967-Topps-221-Woody-Fryman
1967,363,Davey Johnson,Baltimore Orioles,/ViewCard.cfm/sid/66/cid/13970/1967-Topps-363-Davey-Johnson
1967,415,Sonny Jackson,Houston Astros,/ViewCard.cfm/sid/66/cid/14024/1967-Topps-415-Sonny-Jackson
1967,439,Byron Browne,Chicago Cubs,/ViewCard.cfm/sid/66/cid/14050/1967-Topps-439-Byron-Browne
1967,455,Tommie Agee,Chicago White Sox,/ViewCard.cfm/sid/66/cid/14068/1967-Topps-455-Tommie-Agee
1967,505,Tommy Helms,Cincinnati Reds,/ViewCard.cfm/sid/66/cid/14118/1967-Topps-505-Tommy-Helms
1968,45,"Tom Seaver, DP",New York Mets,/ViewCard.cfm/sid/68/cid/29596/1968-Topps-45-Tom-Seaver
1968,61,Reggie Smith,Boston Red Sox,/ViewCard.cfm/sid/68/cid/29613/1968-Topps-61-Reggie-Smith
1968,80,Rod Carew,Minnesota Twins,/ViewCard.cfm/sid/68/cid/29633/1968-Topps-80-Rod-Carew
1968,104,Dick Dietz,San Francisco Giants,/ViewCard.cfm/sid/68/cid/29657/1968-Topps-104-Dick-Dietz
1968,126,Bobby Etheridge,San Francisco Giants,/ViewCard.cfm/sid/68/cid/29680/1968-Topps-126-Bobby-Etheridge
1968,172,Walt Williams,Chicago White Sox,/ViewCard.cfm/sid/68/cid/29726/1968-Topps-172-Walt-Williams
1968,209,Tim Cullen,Washington Senators,/ViewCard.cfm/sid/68/cid/29764/1968-Topps-209-Tim-Cullen
1968,282,Rick Monday,Oakland Athletics,/ViewCard.cfm/sid/68/cid/29838/1968-Topps-282-Rick-Monday
1968,339,Rich Nye,Chicago Cubs,/ViewCard.cfm/sid/68/cid/29895/1968-Topps-339-Rich-Nye
1968,487,Lee May,Cincinnati Reds,/ViewCard.cfm/sid/68/cid/30046/1968-Topps-487-Lee-May
1969,90,Jerry Koosman,New York Mets,/ViewCard.cfm/sid/69/cid/30294/1969-Topps-90-Jerry-Koosman
1969,95,Johnny Bench,Cincinnati Reds,/ViewCard.cfm/sid/69/cid/30299/1969-Topps-95-Johnny-Bench
1969,237,Bobby Cox,New York Yankees,/ViewCard.cfm/sid/69/cid/30445/1969-Topps-237-Bobby-Cox
1969,338,Del Unser,Washington Senators,/ViewCard.cfm/sid/69/cid/30546/1969-Topps-338-Del-Unser
1969,361,Gary Holman,Washington Senators,/ViewCard.cfm/sid/69/cid/30569/1969-Topps-361-Gary-Holman
1969,380,Stan Bahnsen,New York Yankees,/ViewCard.cfm/sid/69/cid/30588/1969-Topps-380-Stan-Bahnsen
1969,402,Ken Boswell,New York Mets,/ViewCard.cfm/sid/69/cid/30610/1969-Topps-402-Ken-Boswell
1969,464,Dave Marshall,San Francisco Giants,/ViewCard.cfm/sid/69/cid/30680/1969-Topps-464-Dave-Marshall
1969,526,Hector Torres,Houston Astros,/ViewCard.cfm/sid/69/cid/30757/1969-Topps-526-Hector-Torres
1969,579,Dave Nelson,Cleveland Indians,/ViewCard.cfm/sid/69/cid/30810/1969-Topps-579-Dave-Nelson
1969,630,Bobby Bonds,San Francisco Giants,/ViewCard.cfm/sid/69/cid/30862/1969-Topps-630-Bobby-Bonds
1970,39,Mike Nagy,Boston Red Sox,/ViewCard.cfm/sid/70/cid/14868/1970-Topps-39-Mike-Nagy
1970,166,Al Oliver,Pittsburgh Pirates,/ViewCard.cfm/sid/70/cid/14996/1970-Topps-166-Al-Oliver
1970,174,Ted Sizemore,Los Angeles Dodgers,/ViewCard.cfm/sid/70/cid/15004/1970-Topps-174-Ted-Sizemore
1970,232,Bob Didier,Atlanta Braves,/ViewCard.cfm/sid/70/cid/15062/1970-Topps-232-Bob-Didier
1970,238,Jose Laboy,Montreal Expos,/ViewCard.cfm/sid/70/cid/15068/1970-Topps-238-Jose-Laboy
1970,288,Larry Hisle,Philadelphia Phillies,/ViewCard.cfm/sid/70/cid/15119/1970-Topps-288-Larry-Hisle
1970,321,Lou Piniella,Kansas City Royals,/ViewCard.cfm/sid/70/cid/15152/1970-Topps-321-Lou-Piniella
1970,377,Bill Butler,Kansas City Royals,/ViewCard.cfm/sid/70/cid/15209/1970-Topps-377-Bill-Butler
1970,645,Don Money,Philadelphia Phillies,/ViewCard.cfm/sid/70/cid/15480/1970-Topps-645-Don-Money
1971,5,Thurman Munson,New York Yankees,/ViewCard.cfm/sid/71/cid/15560/1971-Topps-5-Thurman-Munson
1971,101,Les Cain,Detroit Tigers,/ViewCard.cfm/sid/71/cid/15656/1971-Topps-101-Les-Cain
1971,107,Roy Foster,Cleveland Indians,/ViewCard.cfm/sid/71/cid/15662/1971-Topps-107-Roy-Foster
1971,114,Billy Conigliaro,Boston Red Sox,/ViewCard.cfm/sid/71/cid/15669/1971-Topps-114-Billy-Conigliaro
1971,224,Alan Gallagher,San Francisco Giants,/ViewCard.cfm/sid/71/cid/15780/1971-Topps-224-Alan-Gallagher
1971,233,Larry Bowa,Philadelphia Phillies,/ViewCard.cfm/sid/71/cid/15789/1971-Topps-233-Larry-Bowa
1971,263,John Ellis,New York Yankees,/ViewCard.cfm/sid/71/cid/15819/1971-Topps-263-John-Ellis
1971,478,Bernie Carbo,Cincinnati Reds,/ViewCard.cfm/sid/71/cid/16034/1971-Topps-478-Bernie-Carbo
1971,515,Carl Morton,Montreal Expos,/ViewCard.cfm/sid/71/cid/16071/1971-Topps-515-Carl-Morton
1971,582,Dave Cash,Pittsburgh Pirates,/ViewCard.cfm/sid/71/cid/16138/1971-Topps-582-Dave-Cash
1972,62,Angel Mangual,Oakland Athletics,/ViewCard.cfm/sid/72/cid/16465/1972-Topps-62-Angel-Mangual
1972,99,Ross Grimsley,Cincinnati Reds,/ViewCard.cfm/sid/72/cid/16502/1972-Topps-99-Ross-Grimsley
1972,114,Bill Buckner,Los Angeles Dodgers,/ViewCard.cfm/sid/72/cid/16517/1972-Topps-114-Bill-Buckner
1972,142,Chris Chambliss,Cleveland Indians,/ViewCard.cfm/sid/72/cid/16546/1972-Topps-142-Chris-Chambliss
1972,165,Chris Speier,San Francisco Giants,/ViewCard.cfm/sid/72/cid/16569/1972-Topps-165-Chris-Speier
1972,244,Steve Braun,Minnesota Twins,/ViewCard.cfm/sid/72/cid/16648/1972-Topps-244-Steve-Braun
1972,281,Bill Parsons,Milwaukee Brewers,/ViewCard.cfm/sid/72/cid/16685/1972-Topps-281-Bill-Parsons
1972,380,Earl Williams,Atlanta Braves,/ViewCard.cfm/sid/72/cid/16784/1972-Topps-380-Earl-Williams
1972,690,Willie Montanez,Philadelphia Phillies,/ViewCard.cfm/sid/72/cid/17095/1972-Topps-690-Willie-Montanez
1972,703,Doug Griffin,Boston Red Sox,/ViewCard.cfm/sid/72/cid/17108/1972-Topps-703-Doug-Griffin
1973,31,Buddy Bell,Cleveland Indians,/ViewCard.cfm/sid/73/cid/7217557/1973-Topps-31-Buddy-Bell
1973,55,Jon Matlack,New York Mets,/ViewCard.cfm/sid/73/cid/17257/1973-Topps-55-Jon-Matlack
1973,133,Dave Roberts,San Diego Padres,/ViewCard.cfm/sid/73/cid/17338/1973-Topps-133-Dave-Roberts
1973,181,Jack Brohamer,Cleveland Indians,/ViewCard.cfm/sid/73/cid/17388/1973-Topps-181-Jack-Brohamer
1973,193,Carlton Fisk,Boston Red Sox,/ViewCard.cfm/sid/73/cid/17400/1973-Topps-193-Carlton-Fisk
1973,241,Dwain Anderson,St. Louis Cardinals,/ViewCard.cfm/sid/73/cid/17449/1973-Topps-241-Dwain-Anderson
1975,16,Frank Tanana,California Angels,/ViewCard.cfm/sid/76/cid/18514/1975-Topps-16-Frank-Tanana
1975,104,Bill Madlock,Chicago Cubs,/ViewCard.cfm/sid/76/cid/18602/1975-Topps-104-Bill-Madlock
1975,106,Mike Hargrove,Texas Rangers,/ViewCard.cfm/sid/76/cid/18604/1975-Topps-106-Mike-Hargrove
1975,174,Bake McBride,St. Louis Cardinals,/ViewCard.cfm/sid/76/cid/18672/1975-Topps-174-Bake-McBride
1975,229,Barry Foote,Montreal Expos,/ViewCard.cfm/sid/76/cid/18727/1975-Topps-229-Barry-Foote
1975,299,Bucky Dent,Chicago White Sox,/ViewCard.cfm/sid/76/cid/18797/1975-Topps-299-Bucky-Dent
1975,334,Greg Gross,Houston Astros,/ViewCard.cfm/sid/76/cid/18832/1975-Topps-334-Greg-Gross
1975,512,Larry Milbourne,Houston Astros,/ViewCard.cfm/sid/76/cid/19010/1975-Topps-512-Larry-Milbourne
1975,647,Claudell Washington,Oakland Athletics,/ViewCard.cfm/sid/76/cid/19145/1975-Topps-647-Claudell-Washington
1976,30,John Montefusco,San Francisco Giants,/ViewCard.cfm/sid/77/cid/19188/1976-Topps-30-John-Montefusco
1976,50,Fred Lynn,Boston Red Sox,/ViewCard.cfm/sid/77/cid/19208/1976-Topps-50-Fred-Lynn
1976,134,Mike Ivie,San Diego Padres,/ViewCard.cfm/sid/77/cid/19292/1976-Topps-134-Mike-Ivie
1976,141,Larry Parrish,Montreal Expos,/ViewCard.cfm/sid/77/cid/19299/1976-Topps-141-Larry-Parrish
1976,229,Jerry Remy,California Angels,/ViewCard.cfm/sid/77/cid/19387/1976-Topps-229-Jerry-Remy
1976,313,Dan Ford,Minnesota Twins,/ViewCard.cfm/sid/77/cid/19471/1976-Topps-313-Dan-Ford
1976,340,Jim Rice,Boston Red Sox,/ViewCard.cfm/sid/77/cid/19498/1976-Topps-340-Jim-Rice
1976,407,Tom Underwood,Philadelphia Phillies,/ViewCard.cfm/sid/77/cid/19565/1976-Topps-407-Tom-Underwood
1976,432,Tom Veryzer,Detroit Tigers,/ViewCard.cfm/sid/77/cid/19590/1976-Topps-432-Tom-Veryzer
1976,441,Gary Carter,Montreal Expos,/ViewCard.cfm/sid/77/cid/19599/1976-Topps-441-Gary-Carter
1977,58,Chet Lemon,Chicago White Sox,/ViewCard.cfm/sid/79/cid/19876/1977-Topps-58-Chet-Lemon
1977,93,Tom Poquette,Kansas City Royals,/ViewCard.cfm/sid/79/cid/19911/1977-Topps-93-Tom-Poquette
1977,161,Garry Templeton,St. Louis Cardinals,/ViewCard.cfm/sid/79/cid/19979/1977-Topps-161-Garry-Templeton
1977,175,Butch Wynegar,Minnesota Twins,/ViewCard.cfm/sid/79/cid/19993/1977-Topps-175-Butch-Wynegar
1977,265,Mark Fidrych,Detroit Tigers,/ViewCard.cfm/sid/79/cid/20083/1977-Topps-265-Mark-Fidrych
1977,291,Jason Thompson,Detroit Tigers,/ViewCard.cfm/sid/79/cid/20109/1977-Topps-291-Jason-Thompson
1977,359,Willie Randolph,New York Yankees,/ViewCard.cfm/sid/79/cid/20177/1977-Topps-359-Willie-Randolph
1977,397,Larry Herndon,San Francisco Giants,/ViewCard.cfm/sid/79/cid/20215/1977-Topps-397-Larry-Herndon
1977,549,Jerry Royster,Atlanta Braves,/ViewCard.cfm/sid/79/cid/20367/1977-Topps-549-Jerry-Royster
1977,577,Jerry Augustine,Milwaukee Brewers,/ViewCard.cfm/sid/79/cid/20395/1977-Topps-577-Jerry-Augustine
1978,23,Bump Wills,Texas Rangers,/ViewCard.cfm/sid/80/cid/20501/1978-Topps-23-Bump-Wills
1978,36,Eddie Murray,Baltimore Orioles,/ViewCard.cfm/sid/80/cid/20514/1978-Topps-36-Eddie-Murray
1978,55,Mitchell Page,Oakland Athletics,/ViewCard.cfm/sid/80/cid/20533/1978-Topps-55-Mitchell-Page
1978,72,Andre Dawson,Montreal Expos,/ViewCard.cfm/sid/80/cid/20550/1978-Topps-72-Andre-Dawson
1978,124,Dave Rozema,Detroit Tigers,/ViewCard.cfm/sid/80/cid/20602/1978-Topps-124-Dave-Rozema
1978,139,Wayne Gross,Oakland Athletics,/ViewCard.cfm/sid/80/cid/20617/1978-Topps-139-Wayne-Gross
1978,141,Ruppert Jones,Seattle Mariners,/ViewCard.cfm/sid/80/cid/20619/1978-Topps-141-Ruppert-Jones
1978,196,Bob Bailor,Toronto Blue Jays,/ViewCard.cfm/sid/80/cid/20674/1978-Topps-196-Bob-Bailor
1978,267,Doug Ault,Toronto Blue Jays,/ViewCard.cfm/sid/80/cid/20745/1978-Topps-267-Doug-Ault
1978,419,Jerry Garvin,Toronto Blue Jays,/ViewCard.cfm/sid/80/cid/20897/1978-Topps-419-Jerry-Garvin
1978,624,Gary Alexander,San Francisco Giants,/ViewCard.cfm/sid/80/cid/21102/1978-Topps-624-Gary-Alexander
1987,80,Wally Joyner,California Angels,/ViewCard.cfm/sid/117/cid/35330/1987-Topps-80-Wally-Joyner
1987,192,Cory Snyder,Cleveland Indians,/ViewCard.cfm/sid/117/cid/35443/1987-Topps-192-Cory-Snyder
1987,296,Andres Thomas,Atlanta Braves,/ViewCard.cfm/sid/117/cid/35547/1987-Topps-296-Andres-Thomas
1987,436,Andy Allanson,Cleveland Indians,/ViewCard.cfm/sid/117/cid/35688/1987-Topps-436-Andy-Allanson
1987,465,Todd Worrell,St. Louis Cardinals,/ViewCard.cfm/sid/117/cid/35717/1987-Topps-465-Todd-Worrell
1987,476,Danny Tartabull,Seattle Mariners,/ViewCard.cfm/sid/117/cid/35728/1987-Topps-476-Danny-Tartabull
1987,499,Bruce Ruffin,Philadelphia Phillies,/ViewCard.cfm/sid/117/cid/35751/1987-Topps-499-Bruce-Ruffin
1987,550,Pete Incaviglia,Texas Rangers,/ViewCard.cfm/sid/117/cid/35802/1987-Topps-550-Pete-Incaviglia
1987,620,Jose Canseco,Oakland Athletics,/ViewCard.cfm/sid/117/cid/35874/1987-Topps-620-Jose-Canseco
1987,658,Robby Thompson,San Francisco Giants,/ViewCard.cfm/sid/117/cid/35912/1987-Topps-658-Robby-Thompson
1988,192,Devon White,California Angels,/ViewCard.cfm/sid/125/cid/53995/1988-Topps-192-Devon-White
1988,229,Jeff Musselman,Toronto Blue Jays,/ViewCard.cfm/sid/125/cid/54032/1988-Topps-229-Jeff-Musselman
1988,269,Ellis Burks,Boston Red Sox,/ViewCard.cfm/sid/125/cid/54072/1988-Topps-269-Ellis-Burks
1988,275,Kevin Seitzer,Kansas City Royals,/ViewCard.cfm/sid/125/cid/54078/1988-Topps-275-Kevin-Seitzer
1988,294,Al Pedrique,Pittsburgh Pirates,/ViewCard.cfm/sid/125/cid/54097/1988-Topps-294-Al-Pedrique
1988,431,Casey Candaele,Montreal Expos,/ViewCard.cfm/sid/125/cid/54234/1988-Topps-431-Casey-Candaele
1988,493,Mike Greenwell,Boston Red Sox,/ViewCard.cfm/sid/125/cid/54296/1988-Topps-493-Mike-Greenwell
1988,580,Mark McGwire,Oakland Athletics,/ViewCard.cfm/sid/125/cid/54384/1988-Topps-580-Mark-McGwire
1988,619,Mike Dunne,Pittsburgh Pirates,/ViewCard.cfm/sid/125/cid/54423/1988-Topps-619-Mike-Dunne
1988,645,Matt Nokes,Detroit Tigers,/ViewCard.cfm/sid/125/cid/54449/1988-Topps-645-Matt-Nokes
1989,156,Dave Gallagher,Chicago White Sox,/ViewCard.cfm/sid/134/cid/36407/1989-Topps-156-Dave-Gallagher
1989,221,Cecil Espy,Texas Rangers,/ViewCard.cfm/sid/134/cid/36472/1989-Topps-221-Cecil-Espy
1989,223,Jay Buhner,Seattle Mariners,/ViewCard.cfm/sid/134/cid/36474/1989-Topps-223-Jay-Buhner
1989,296,Ron Gant,Atlanta Braves,/ViewCard.cfm/sid/134/cid/36547/1989-Topps-296-Ron-Gant
1989,316,Walt Weiss,Oakland Athletics,/ViewCard.cfm/sid/134/cid/36567/1989-Topps-316-Walt-Weiss
1989,456,Tim Belcher,Los Angeles Dodgers,/ViewCard.cfm/sid/134/cid/36707/1989-Topps-456-Tim-Belcher
1989,465,Mark Grace,Chicago Cubs,/ViewCard.cfm/sid/134/cid/36716/1989-Topps-465-Mark-Grace
1989,490,Chris Sabo,Cincinnati Reds,/ViewCard.cfm/sid/134/cid/36741/1989-Topps-490-Chris-Sabo
1989,543,Damon Berryhill,Chicago Cubs,/ViewCard.cfm/sid/134/cid/36794/1989-Topps-543-Damon-Berryhill
1989,583,Paul Gibson,Detroit Tigers,/ViewCard.cfm/sid/134/cid/36834/1989-Topps-583-Paul-Gibson
1990,288,Greg Briley,Seattle Mariners,/ViewCard.cfm/sid/147/cid/61188/1990-Topps-288-Greg-Briley
1990,336,"Ken Griffey, Jr.",Seattle Mariners,"/ViewCard.cfm/sid/147/cid/61236/1990-Topps-336-Ken-Griffey,-Jr."
1990,457,Gregg Jefferies,New York Mets,/ViewCard.cfm/sid/147/cid/61358/1990-Topps-457-Gregg-Jefferies
1990,461,Carlos Martinez,Chicago White Sox,/ViewCard.cfm/sid/147/cid/61362/1990-Topps-461-Carlos-Martinez
1990,464,Jerome Walton,Chicago Cubs,/ViewCard.cfm/sid/147/cid/61365/1990-Topps-464-Jerome-Walton
1990,521,Craig Worthington,Baltimore Orioles,/ViewCard.cfm/sid/147/cid/61422/1990-Topps-521-Craig-Worthington
1990,536,Bob Geren,New York Yankees,/ViewCard.cfm/sid/147/cid/61437/1990-Topps-536-Bob-Geren
1990,675,Jim Abbott,California Angels,/ViewCard.cfm/sid/147/cid/61576/1990-Topps-675-Jim-Abbott
1990,718,Gary Sheffield,Milwaukee Brewers,/ViewCard.cfm/sid/147/cid/61619/1990-Topps-718-Gary-Sheffield
1990,752,Tom Gordon,Kansas City Royals,/ViewCard.cfm/sid/147/cid/61653/1990-Topps-752-Tom-Gordon
1991,165,Sandy Alomar,Cleveland Indians,/ViewCard.cfm/sid/167/cid/62071/1991-Topps-165-Sandy-Alomar
1991,299,Scott Radinsky,Chicago White Sox,/ViewCard.cfm/sid/167/cid/62209/1991-Topps-299-Scott-Radinsky
1991,329,Dave Justice,Atlanta Braves,/ViewCard.cfm/sid/167/cid/62241/1991-Topps-329-Dave-Justice
1991,339,Larry Walker,Montreal Expos,/ViewCard.cfm/sid/167/cid/62252/1991-Topps-339-Larry-Walker
1991,368,Felix Jose,St. Louis Cardinals,/ViewCard.cfm/sid/167/cid/62282/1991-Topps-368-Felix-Jose
1991,432,Delino DeShields,Montreal Expos,/ViewCard.cfm/sid/167/cid/62347/1991-Topps-432-Delino-DeShields
1991,454,Kevin Appier,Kansas City Royals,/ViewCard.cfm/sid/167/cid/62369/1991-Topps-454-Kevin-Appier
1991,461,Robin Ventura,Chicago White Sox,/ViewCard.cfm/sid/167/cid/62377/1991-Topps-461-Robin-Ventura
1991,642,Hal Morris,Cincinnati Reds,/ViewCard.cfm/sid/167/cid/62563/1991-Topps-642-Hal-Morris
1991,756,Jeff Huson,Texas Rangers,/ViewCard.cfm/sid/167/cid/62683/1991-Topps-756-Jeff-Huson
1992,12,Luis Gonzalez,Houston Astros,/ViewCard.cfm/sid/212/cid/95537/1992-Topps-12-Luis-Gonzalez
1992,23,Chuck Knoblauch,Minnesota Twins,/ViewCard.cfm/sid/212/cid/95548/1992-Topps-23-Chuck-Knoblauch
1992,78,Ivan Rodriguez,Texas Rangers,/ViewCard.cfm/sid/212/cid/95603/1992-Topps-78-Ivan-Rodriguez
1992,84,Leo Gomez,Baltimore Orioles,/ViewCard.cfm/sid/212/cid/95609/1992-Topps-84-Leo-Gomez
1992,288,Andujar Cedeno,Houston Astros,/ViewCard.cfm/sid/212/cid/95813/1992-Topps-288-Andujar-Cedeno
1992,292,Ray Lankford,St. Louis Cardinals,/ViewCard.cfm/sid/212/cid/95817/1992-Topps-292-Ray-Lankford
1992,520,Jeff Bagwell,Houston Astros,/ViewCard.cfm/sid/212/cid/96045/1992-Topps-520-Jeff-Bagwell
1992,522,Milt Cuyler,Detroit Tigers,/ViewCard.cfm/sid/212/cid/96047/1992-Topps-522-Milt-Cuyler
1992,537,Mark Leiter,Detroit Tigers,/ViewCard.cfm/sid/212/cid/96062/1992-Topps-537-Mark-Leiter
1992,614,Al Osuna,Houston Astros,/ViewCard.cfm/sid/212/cid/96139/1992-Topps-614-Al-Osuna
1993,11,Eric Karros,Los Angeles Dodgers,/ViewCard.cfm/sid/291/cid/107386/1993-Topps-11-Eric-Karros
1993,45,Dave Fleming,Seattle Mariners,/ViewCard.cfm/sid/291/cid/107420/1993-Topps-45-Dave-Fleming
1993,83,Reggie Sanders,Cincinnati Reds,/ViewCard.cfm/sid/291/cid/107458/1993-Topps-83-Reggie-Sanders
1993,123,Moises Alou,Montreal Expos,/ViewCard.cfm/sid/291/cid/107498/1993-Topps-123-Moises-Alou
1993,298,Scott Livingstone,Detroit Tigers,/ViewCard.cfm/sid/291/cid/107673/1993-Topps-298-Scott-Livingstone
1993,331,Kenny Lofton,Cleveland Indians,/ViewCard.cfm/sid/291/cid/107706/1993-Topps-331-Kenny-Lofton
1993,380,Todd Hundley,New York Mets,/ViewCard.cfm/sid/291/cid/107755/1993-Topps-380-Todd-Hundley
1993,480,Pat Listach,Milwaukee Brewers,/ViewCard.cfm/sid/291/cid/107855/1993-Topps-480-Pat-Listach
1993,590,Cal Eldred,Milwaukee Brewers,/ViewCard.cfm/sid/291/cid/107965/1993-Topps-590-Cal-Eldred
1993,703,Jeff Kent,New York Mets,/ViewCard.cfm/sid/291/cid/108078/1993-Topps-703-Jeff-Kent
1994,1,Mike Piazza,Los Angeles Dodgers,/ViewCard.cfm/sid/426/cid/122726/1994-Topps-1-Mike-Piazza
1994,21,Wil Cordero,Montreal Expos,/ViewCard.cfm/sid/426/cid/122746/1994-Topps-21-Wil-Cordero
1994,72,Steve Cooke,Pittsburgh Pirates,/ViewCard.cfm/sid/426/cid/122797/1994-Topps-72-Steve-Cooke
1994,81,Greg McMichael,Atlanta Braves,/ViewCard.cfm/sid/426/cid/122806/1994-Topps-81-Greg-McMichael
1994,287,Mike Lansing,Montreal Expos,/ViewCard.cfm/sid/426/cid/123012/1994-Topps-287-Mike-Lansing
1994,293,J.T. Snow,California Angels,/ViewCard.cfm/sid/426/cid/123018/1994-Topps-293-J.T.-Snow
1994,309,Carlos Garcia,Pittsburgh Pirates,/ViewCard.cfm/sid/426/cid/123034/1994-Topps-309-Carlos-Garcia
1994,397,Tim Salmon,California Angels,/ViewCard.cfm/sid/426/cid/123122/1994-Topps-397-Tim-Salmon
1994,466,Jeff Conine,Florida Marlins,/ViewCard.cfm/sid/426/cid/123191/1994-Topps-466-Jeff-Conine
1994,508,Wayne Kirby,Cleveland Indians,/ViewCard.cfm/sid/426/cid/123233/1994-Topps-508-Wayne-Kirby
1995,54,Joey Hamilton,San Diego Padres,/ViewCard.cfm/sid/594/cid/135244/1995-Topps-54-Joey-Hamilton
1995,143,Bob Hamelin,Kansas City Royals,/ViewCard.cfm/sid/594/cid/135333/1995-Topps-143-Bob-Hamelin
1995,180,Raul Mondesi,Los Angeles Dodgers,/ViewCard.cfm/sid/594/cid/135370/1995-Topps-180-Raul-Mondesi
1995,277,Chris Gomez,Detroit Tigers,/ViewCard.cfm/sid/594/cid/135467/1995-Topps-277-Chris-Gomez
1995,324,Ryan Klesko,Atlanta Braves,/ViewCard.cfm/sid/594/cid/135514/1995-Topps-324-Ryan-Klesko
1995,451,Jose Oliva,Atlanta Braves,/ViewCard.cfm/sid/594/cid/135641/1995-Topps-451-Jose-Oliva
1995,542,Brian Anderson,California Angels,/ViewCard.cfm/sid/594/cid/135732/1995-Topps-542-Brian-Anderson
1995,567,Javy Lopez,Atlanta Braves,/ViewCard.cfm/sid/594/cid/135757/1995-Topps-567-Javy-Lopez
1995,574,John Patterson,San Francisco Giants,/ViewCard.cfm/sid/594/cid/135764/1995-Topps-574-John-Patterson
1995,577,Manny Ramirez,Cleveland Indians,/ViewCard.cfm/sid/594/cid/135767/1995-Topps-577-Manny-Ramirez
1996,64,Orlando Miller,Houston Astros,/ViewCard.cfm/sid/803/cid/147964/1996-Topps-64-Orlando-Miller
1996,73,John Mabry,St. Louis Cardinals,/ViewCard.cfm/sid/803/cid/147973/1996-Topps-73-John-Mabry
1996,132,Garret Anderson,California Angels,/ViewCard.cfm/sid/803/cid/148032/1996-Topps-132-Garret-Anderson
1996,136,Hideo Nomo,Los Angeles Dodgers,/ViewCard.cfm/sid/803/cid/148036/1996-Topps-136-Hideo-Nomo
1996,173,Ray Durham,Chicago White Sox,/ViewCard.cfm/sid/803/cid/148073/1996-Topps-173-Ray-Durham
1996,174,Carlos Perez,Montreal Expos,/ViewCard.cfm/sid/803/cid/148074/1996-Topps-174-Carlos-Perez
1996,177,Chipper Jones,Atlanta Braves,/ViewCard.cfm/sid/803/cid/148077/1996-Topps-177-Chipper-Jones
1996,187,Marty Cordova,Minnesota Twins,/ViewCard.cfm/sid/803/cid/148087/1996-Topps-187-Marty-Cordova
1996,417,Shawn Green,Toronto Blue Jays,/ViewCard.cfm/sid/803/cid/148317/1996-Topps-417-Shawn-Green
1997,13,Derek Jeter,New York Yankees,/ViewCard.cfm/sid/1048/cid/163888/1997-Topps-13-Derek-Jeter
1997,17,F.P. Santangelo,Montreal Expos,/ViewCard.cfm/sid/1048/cid/163892/1997-Topps-17-F.P.-Santangelo
1997,22,Billy Wagner,Houston Astros,/ViewCard.cfm/sid/1048/cid/163897/1997-Topps-22-Billy-Wagner
1997,177,Todd Hollandsworth,Los Angeles Dodgers,/ViewCard.cfm/sid/1048/cid/164052/1997-Topps-177-Todd-Hollandsworth
1997,195,Jason Kendall,Pittsburgh Pirates,/ViewCard.cfm/sid/1048/cid/164070/1997-Topps-195-Jason-Kendall
1997,216,Joe Randa,Kansas City Royals,/ViewCard.cfm/sid/1048/cid/164091/1997-Topps-216-Joe-Randa
1997,239,Jermaine Dye,Atlanta Braves,/ViewCard.cfm/sid/1048/cid/164114/1997-Topps-239-Jermaine-Dye
1997,344,Tony Batista,Oakland Athletics,/ViewCard.cfm/sid/1048/cid/164219/1997-Topps-344-Tony-Batista
1997,351,Alan Benes,St. Louis Cardinals,/ViewCard.cfm/sid/1048/cid/164226/1997-Topps-351-Alan-Benes
1997,406,Tony Clark,Detroit Tigers,/ViewCard.cfm/sid/1048/cid/164281/1997-Topps-406-Tony-Clark
1998,22,Dmitri Young,St. Louis Cardinals,/ViewCard.cfm/sid/1238/cid/178281/1998-Topps-22-Dmitri-Young
1998,25,Scott Rolen,Philadelphia Phillies,/ViewCard.cfm/sid/1238/cid/178284/1998-Topps-25-Scott-Rolen
1998,46,Wilton Guerrero,Los Angeles Dodgers,/ViewCard.cfm/sid/1238/cid/178305/1998-Topps-46-Wilton-Guerrero
1998,129,Jason Dickson,Anaheim Angels,/ViewCard.cfm/sid/1238/cid/178388/1998-Topps-129-Jason-Dickson
1998,146,Jose Guillen,Pittsburgh Pirates,/ViewCard.cfm/sid/1238/cid/178405/1998-Topps-146-Jose-Guillen
1998,185,Mike Holtz,Anaheim Angels,/ViewCard.cfm/sid/1238/cid/178444/1998-Topps-185-Mike-Holtz
1998,228,Scott Hatteberg,Boston Red Sox,/ViewCard.cfm/sid/1238/cid/178487/1998-Topps-228-Scott-Hatteberg
1998,326,Jose Cruz Jr.,Toronto Blue Jays,/ViewCard.cfm/sid/1238/cid/178585/1998-Topps-326-Jose-Cruz-Jr.
1998,334,Andruw Jones,Atlanta Braves,/ViewCard.cfm/sid/1238/cid/178593/1998-Topps-334-Andruw-Jones
1998,335,Nomar Garciaparra,Boston Red Sox,/ViewCard.cfm/sid/1238/cid/178594/1998-Topps-335-Nomar-Garciaparra
1998,497,Tony Saunders,Tampa Bay Devil Rays,/ViewCard.cfm/sid/1238/cid/178756/1998-Topps-497-Tony-Saunders
1999,20,Kerry Wood,Chicago Cubs,/ViewCard.cfm/sid/1340/cid/234753/1999-Topps-20-Kerry-Wood
1999,52,Todd Helton,Colorado Rockies,/ViewCard.cfm/sid/1340/cid/234785/1999-Topps-52-Todd-Helton
1999,84,Mike Caruso,Chicago White Sox,/ViewCard.cfm/sid/1340/cid/234817/1999-Topps-84-Mike-Caruso
1999,91,Mark Kotsay,Florida Marlins,/ViewCard.cfm/sid/1340/cid/234824/1999-Topps-91-Mark-Kotsay
1999,110,Ben Grieve,Oakland Athletics,/ViewCard.cfm/sid/1340/cid/234843/1999-Topps-110-Ben-Grieve
1999,132,A.J. Hinch,Oakland Athletics,/ViewCard.cfm/sid/1340/cid/234865/1999-Topps-132-A.J.-Hinch
1999,155,Magglio Ordonez,Chicago White Sox,/ViewCard.cfm/sid/1340/cid/234888/1999-Topps-155-Magglio-Ordonez
1999,391,Bobby Smith,Tampa Bay Devil Rays,/ViewCard.cfm/sid/1340/cid/235193/1999-Topps-391-Bobby-Smith
1999,417,Miguel Cairo,Tampa Bay Devil Rays,/ViewCard.cfm/sid/1340/cid/235219/1999-Topps-417-Miguel-Cairo
1999,419,Jesus Sanchez,Florida Marlins,/ViewCard.cfm/sid/1340/cid/235221/1999-Topps-419-Jesus-Sanchez
2000,39,Warren Morris,Pittsburgh Pirates,/ViewCard.cfm/sid/1411/cid/251412/2000-Topps-39-Warren-Morris
2000,101,Preston Wilson,Florida Marlins,/ViewCard.cfm/sid/1411/cid/251474/2000-Topps-101-Preston-Wilson
2000,178,Carlos Beltran,Kansas City Royals,/ViewCard.cfm/sid/1411/cid/251551/2000-Topps-178-Carlos-Beltran
2000,184,Brian Daubach,Boston Red Sox,/ViewCard.cfm/sid/1411/cid/251557/2000-Topps-184-Brian-Daubach
2000,255,Ben Davis,San Diego Padres,/ViewCard.cfm/sid/1411/cid/251648/2000-Topps-255-Ben-Davis
2000,265,Billy Koch,Toronto Blue Jays,/ViewCard.cfm/sid/1411/cid/251658/2000-Topps-265-Billy-Koch
2000,343,John Halama,Seattle Mariners,/ViewCard.cfm/sid/1411/cid/251736/2000-Topps-343-John-Halama
2000,380,Alex Gonzalez,Florida Marlins,/ViewCard.cfm/sid/1411/cid/251773/2000-Topps-380-Alex-Gonzalez
2000,420,Corey Koskie,Minnesota Twins,/ViewCard.cfm/sid/1411/cid/251813/2000-Topps-420-Corey-Koskie
2000,438,Chris Singleton,Chicago White Sox,/ViewCard.cfm/sid/1411/cid/251831/2000-Topps-438-Chris-Singleton
2001,91,Mike Lamb,Texas Rangers,/ViewCard.cfm/sid/1486/cid/279705/2001-Topps-91-Mike-Lamb
2001,144,Pat Burrell,Philadelphia Phillies,/ViewCard.cfm/sid/1486/cid/279758/2001-Topps-144-Pat-Burrell
2001,271,Bengie Molina,Anaheim Angels,/ViewCard.cfm/sid/1486/cid/279885/2001-Topps-271-Bengie-Molina
2001,278,Terrence Long,Oakland Athletics,/ViewCard.cfm/sid/1486/cid/279892/2001-Topps-278-Terrence-Long
2001,293,Jay Payton,New York Mets,/ViewCard.cfm/sid/1486/cid/279907/2001-Topps-293-Jay-Payton
2001,319,Rafael Furcal,Atlanta Braves,/ViewCard.cfm/sid/1486/cid/279933/2001-Topps-319-Rafael-Furcal
2001,514,Adam Kennedy,Anaheim Angels,/ViewCard.cfm/sid/1486/cid/280128/2001-Topps-514-Adam-Kennedy
2001,653,Mark Redman,Minnesota Twins,/ViewCard.cfm/sid/1486/cid/280267/2001-Topps-653-Mark-Redman
2001,720,Kazuhiro Sasaki,Seattle Mariners,/ViewCard.cfm/sid/1486/cid/280334/2001-Topps-720-Kazuhiro-Sasaki
2001,721,Mark Quinn,Kansas City Royals,/ViewCard.cfm/sid/1486/cid/280335/2001-Topps-721-Mark-Quinn
2002,69,Roy Oswalt,Houston Astros,/ViewCard.cfm/sid/1562/cid/303157/2002-Topps-69-Roy-Oswalt
2002,95,Alfonso Soriano,New York Yankees,/ViewCard.cfm/sid/1562/cid/303183/2002-Topps-95-Alfonso-Soriano
2002,160,Albert Pujols,St. Louis Cardinals,/ViewCard.cfm/sid/1562/cid/303248/2002-Topps-160-Albert-Pujols
2002,163,CC Sabathia,Cleveland Indians,/ViewCard.cfm/sid/1562/cid/303252/2002-Topps-163-CC-Sabathia
2002,164,Jimmy Rollins,Philadelphia Phillies,/ViewCard.cfm/sid/1562/cid/303253/2002-Topps-164-Jimmy-Rollins
2002,225,Ichiro,Seattle Mariners,/ViewCard.cfm/sid/1562/cid/303314/2002-Topps-225-Ichiro
2002,403,Craig Wilson,Pittsburgh Pirates,/ViewCard.cfm/sid/1562/cid/303564/2002-Topps-403-Craig-Wilson
2002,440,Adam Dunn,Cincinnati Reds,/ViewCard.cfm/sid/1562/cid/303601/2002-Topps-440-Adam-Dunn
2002,563,Shawn Wooten,Anaheim Angels,/ViewCard.cfm/sid/1562/cid/303724/2002-Topps-563-Shawn-Wooten
2002,605,Tsuyoshi Shinjo,San Francisco Giants,/ViewCard.cfm/sid/1562/cid/303766/2002-Topps-605-Tsuyoshi-Shinjo
2003,40,Eric Hinske,Toronto Blue Jays,/ViewCard.cfm/sid/1642/cid/32389/2003-Topps-40-Eric-Hinske
2003,59,Brad Wilkerson,Montreal Expos,/ViewCard.cfm/sid/1642/cid/32408/2003-Topps-59-Brad-Wilkerson
2003,70,Austin Kearns,Cincinnati Reds,/ViewCard.cfm/sid/1642/cid/32419/2003-Topps-70-Austin-Kearns
2003,131,Geronimo Gil,Baltimore Orioles,/ViewCard.cfm/sid/1642/cid/32480/2003-Topps-131-Geronimo-Gil
2003,138,Jason Jennings,Colorado Rockies,/ViewCard.cfm/sid/1642/cid/32487/2003-Topps-138-Jason-Jennings
2003,141,Ramon Santiago,Detroit Tigers,/ViewCard.cfm/sid/1642/cid/32490/2003-Topps-141-Ramon-Santiago
2003,237,Alex Sanchez,Milwaukee Brewers,/ViewCard.cfm/sid/1642/cid/32586/2003-Topps-237-Alex-Sanchez
2003,387,Nick Johnson,New York Yankees,/ViewCard.cfm/sid/1642/cid/32736/2003-Topps-387-Nick-Johnson
2003,388,Mark Ellis,Oakland Athletics,/ViewCard.cfm/sid/1642/cid/32737/2003-Topps-388-Mark-Ellis
2003,537,Damian Moss,San Francisco Giants,/ViewCard.cfm/sid/1642/cid/32886/2003-Topps-537-Damian-Moss
2004,62,Ty Wigginton,New York Mets,/ViewCard.cfm/sid/1727/cid/210411/2004-Topps-62-Ty-Wigginton
2004,84,Miguel Olivo,Chicago White Sox,/ViewCard.cfm/sid/1727/cid/210433/2004-Topps-84-Miguel-Olivo
2004,173,Angel Berroa,Kansas City Royals,/ViewCard.cfm/sid/1727/cid/210522/2004-Topps-173-Angel-Berroa
2004,203,Bo Hart,St. Louis Cardinals,/ViewCard.cfm/sid/1727/cid/210552/2004-Topps-203-Bo-Hart
2004,240,Rocco Baldelli,Tampa Bay Devil Rays,/ViewCard.cfm/sid/1727/cid/210589/2004-Topps-240-Rocco-Baldelli
2004,378,Scott Podsednik,Milwaukee Brewers,/ViewCard.cfm/sid/1727/cid/210727/2004-Topps-378-Scott-Podsednik
2004,400,Dontrelle Willis,Florida Marlins,/ViewCard.cfm/sid/1727/cid/210749/2004-Topps-400-Dontrelle-Willis
2004,502,Brandon Webb,Arizona Diamondbacks,/ViewCard.cfm/sid/1727/cid/210851/2004-Topps-502-Brandon-Webb
2004,527,Mark Teixeira,Texas Rangers,/ViewCard.cfm/sid/1727/cid/210876/2004-Topps-527-Mark-Teixeira
2004,531,Robby Hammock,Arizona Diamondbacks,/ViewCard.cfm/sid/1727/cid/210880/2004-Topps-531-Robby-Hammock
2004,592,Jody Gerut,Cleveland Indians,/ViewCard.cfm/sid/1727/cid/210941/2004-Topps-592-Jody-Gerut
2005,12,Jason Bay,Pittsburgh Pirates,/ViewCard.cfm/sid/1824/cid/211136/2005-Topps-12-Jason-Bay
2005,136,Matt Holliday,Colorado Rockies,/ViewCard.cfm/sid/1824/cid/211260/2005-Topps-136-Matt-Holliday
2005,212,Chad Tracy,Arizona Diamondbacks,/ViewCard.cfm/sid/1824/cid/211336/2005-Topps-212-Chad-Tracy
2005,256,Khalil Greene,San Diego Padres,/ViewCard.cfm/sid/1824/cid/211380/2005-Topps-256-Khalil-Greene
2005,418,Terrmel Sledge,Washington Nationals,/ViewCard.cfm/sid/1824/cid/211542/2005-Topps-418-Terrmel-Sledge
2005,454,Mike Gonzalez,Pittsburgh Pirates,/ViewCard.cfm/sid/1824/cid/211578/2005-Topps-454-Mike-Gonzalez
2005,510,Joe Mauer,Minnesota Twins,/ViewCard.cfm/sid/1824/cid/211634/2005-Topps-510-Joe-Mauer
2005,531,Daniel Cabrera,Baltimore Orioles,/ViewCard.cfm/sid/1824/cid/211655/2005-Topps-531-Daniel-Cabrera
2005,537,Aaron Miles,Colorado Rockies,/ViewCard.cfm/sid/1824/cid/211661/2005-Topps-537-Aaron-Miles
2005,624,Adam LaRoche,Atlanta Braves,/ViewCard.cfm/sid/1824/cid/211748/2005-Topps-624-Adam-LaRoche
2006,3,Garrett Atkins,Colorado Rockies,/ViewCard.cfm/sid/1930/cid/207133/2006-Topps-3-Garrett-Atkins
2006,13,Tadahito Iguchi,Chicago White Sox,/ViewCard.cfm/sid/1930/cid/207143/2006-Topps-13-Tadahito-Iguchi
2006,23,Jonny Gomes,Tampa Bay Devil Rays,/ViewCard.cfm/sid/1930/cid/207153/2006-Topps-23-Jonny-Gomes
2006,48,Dan Johnson,Oakland Athletics,/ViewCard.cfm/sid/1930/cid/207178/2006-Topps-48-Dan-Johnson
2006,82,Huston Street,Oakland Athletics,/ViewCard.cfm/sid/1930/cid/207212/2006-Topps-82-Huston-Street
2006,132,Russ Adams,Toronto Blue Jays,/ViewCard.cfm/sid/1930/cid/207262/2006-Topps-132-Russ-Adams
2006,362,Brian McCann,Atlanta Braves,/ViewCard.cfm/sid/1930/cid/207497/2006-Topps-362-Brian-McCann
2006,445,Jeff Francoeur,Atlanta Braves,/ViewCard.cfm/sid/1930/cid/207580/2006-Topps-445-Jeff-Francoeur
2006,540,Gustavo Chacin,Toronto Blue Jays,/ViewCard.cfm/sid/1930/cid/207675/2006-Topps-540-Gustavo-Chacin
2007,45,Andre Ethier,Los Angeles Dodgers,/ViewCard.cfm/sid/1977/cid/193358/2007-Topps-45-Andre-Ethier
2007,65,Dan Uggla,Florida Marlins,/ViewCard.cfm/sid/1977/cid/193378/2007-Topps-65-Dan-Uggla
2007,113,Nick Markakis,Baltimore Orioles,/ViewCard.cfm/sid/1977/cid/193426/2007-Topps-113-Nick-Markakis
2007,139,Prince Fielder,Milwaukee Brewers,/ViewCard.cfm/sid/1977/cid/193453/2007-Topps-139-Prince-Fielder
2007,160,Justin Verlander,Detroit Tigers,/ViewCard.cfm/sid/1977/cid/193474/2007-Topps-160-Justin-Verlander
2007,421,Melky Cabrera,New York Yankees,/ViewCard.cfm/sid/1977/cid/193738/2007-Topps-421-Melky-Cabrera
2007,449,Francisco Liriano,Minnesota Twins,/ViewCard.cfm/sid/1977/cid/193767/2007-Topps-449-Francisco-Liriano
2007,463,Russell Martin,Los Angeles Dodgers,/ViewCard.cfm/sid/1977/cid/193781/2007-Topps-463-Russell-Martin
2007,467,Hanley Ramirez,Florida Marlins,/ViewCard.cfm/sid/1977/cid/193785/2007-Topps-467-Hanley-Ramirez
2007,600,Ryan Zimmerman,Washington Nationals,/ViewCard.cfm/sid/1977/cid/193919/2007-Topps-600-Ryan-Zimmerman
2008,175,Delmon Young,Tampa Bay Rays,/ViewCard.cfm/sid/6625/cid/57025/2008-Topps-175-Delmon-Young
2008,225,Hunter Pence,Houston Astros,/ViewCard.cfm/sid/6625/cid/57075/2008-Topps-225-Hunter-Pence
2008,229,Dustin Pedroia,Boston Red Sox,/ViewCard.cfm/sid/6625/cid/57079/2008-Topps-229-Dustin-Pedroia
2008,269,James Loney,Los Angeles Dodgers,/ViewCard.cfm/sid/6625/cid/57120/2008-Topps-269-James-Loney
2008,281,Carlos Ruiz,Philadelphia Phillies,/ViewCard.cfm/sid/6625/cid/57132/2008-Topps-281-Carlos-Ruiz
2008,379,Hideki Okajima,Boston Red Sox,/ViewCard.cfm/sid/6625/cid/57230/2008-Topps-379-Hideki-Okajima
2008,385,Troy Tulowitzki,Colorado Rockies,/ViewCard.cfm/sid/6625/cid/57236/2008-Topps-385-Troy-Tulowitzki
2008,430,Ryan Braun,Milwaukee Brewers,/ViewCard.cfm/sid/6625/cid/57281/2008-Topps-430-Ryan-Braun
2008,545,Chris Young,Arizona Diamondbacks,/ViewCard.cfm/sid/6625/cid/57396/2008-Topps-545-Chris-Young
2008,585,Brian Bannister,Kansas City Royals,/ViewCard.cfm/sid/6625/cid/57436/2008-Topps-585-Brian-Bannister
2009,46,Brad Ziegler,Oakland Athletics,/ViewCard.cfm/sid/9074/cid/259299/2009-Topps-46-Brad-Ziegler
2009,160,Evan Longoria,Tampa Bay Rays,/ViewCard.cfm/sid/9074/cid/259416/2009-Topps-160-Evan-Longoria
2009,210,Geovany Soto,Chicago Cubs,/ViewCard.cfm/sid/9074/cid/259470/2009-Topps-210-Geovany-Soto
2009,212,Denard Span,Minnesota Twins,/ViewCard.cfm/sid/9074/cid/259473/2009-Topps-212-Denard-Span
2009,220,Jay Bruce,Cincinnati Reds,/ViewCard.cfm/sid/9074/cid/259481/2009-Topps-220-Jay-Bruce
2009,354,Mike Aviles,Kansas City Royals,/ViewCard.cfm/sid/9074/cid/259624/2009-Topps-354-Mike-Aviles
2009,390,Joey Votto,Cincinnati Reds,/ViewCard.cfm/sid/9074/cid/259661/2009-Topps-390-Joey-Votto
2009,483,John Lannan,Washington Nationals,/ViewCard.cfm/sid/9074/cid/259758/2009-Topps-483-John-Lannan
2010,89,J.A. Happ,Philadelphia Phillies,/ViewCard.cfm/sid/9821/cid/417137/2010-Topps-89-J.A.-Happ
2010,110,Andrew McCutchen,Pittsburgh Pirates,/ViewCard.cfm/sid/9821/cid/417162/2010-Topps-110-Andrew-McCutchen
2010,115,Gordon Beckham,Chicago White Sox,/ViewCard.cfm/sid/9821/cid/417168/2010-Topps-115-Gordon-Beckham
2010,205,Chris Coghlan,Florida Marlins,/ViewCard.cfm/sid/9821/cid/417268/2010-Topps-205-Chris-Coghlan
2010,310,Elvis Andrus,Texas Rangers,/ViewCard.cfm/sid/9821/cid/417380/2010-Topps-310-Elvis-Andrus
2011,24,Neil Walker,Pittsburgh Pirates,/ViewCard.cfm/sid/48224/cid/534454/2011-Topps-24-Neil-Walker
2011,59,Gaby Sanchez,Florida Marlins,/ViewCard.cfm/sid/48224/cid/534489/2011-Topps-59-Gaby-Sanchez
2011,135,Mike Stanton,Florida Marlins,/ViewCard.cfm/sid/48224/cid/534565/2011-Topps-135-Mike-Stanton
2011,183,Stephen Strasburg,Washington Nationals,/ViewCard.cfm/sid/48224/cid/534613/2011-Topps-183-Stephen-Strasburg
2011,198,Buster Posey,San Francisco Giants,/ViewCard.cfm/sid/48224/cid/534628/2011-Topps-198-Buster-Posey
2011,387,Danny Valencia ,Minnesota Twins,/ViewCard.cfm/sid/48224/cid/1877368/2011-Topps-387-Danny-Valencia-
2011,394,Austin Jackson ,Detroit Tigers,/ViewCard.cfm/sid/48224/cid/1877375/2011-Topps-394-Austin-Jackson-
2011,600,Neftali Feliz ,Texas Rangers,/ViewCard.cfm/sid/48224/cid/1877581/2011-Topps-600-Neftali-Feliz-
2011,635,Jason Heyward ,Atlanta Braves,/ViewCard.cfm/sid/48224/cid/1877616/2011-Topps-635-Jason-Heyward-
2011,643,Jaime Garcia ,St. Louis Cardinals,/ViewCard.cfm/sid/48224/cid/1877624/2011-Topps-643-Jaime-Garcia-
2011,655,Starlin Castro ,Chicago Cubs,/ViewCard.cfm/sid/48224/cid/1877636/2011-Topps-655-Starlin-Castro-
2012,16,Desmond Jennings,Tampa Bay Rays,/ViewCard.cfm/sid/61443/cid/16224753/2012-Topps-16-Desmond-Jennings
2012,69,Dee Gordon,Los Angeles Dodgers,/ViewCard.cfm/sid/61443/cid/3675830/2012-Topps-69-Dee-Gordon
2012,87,Craig Kimbrel,Atlanta Braves,/ViewCard.cfm/sid/61443/cid/16224804/2012-Topps-87-Craig-Kimbrel
2012,106,Mark Trumbo,Los Angeles Angels,/ViewCard.cfm/sid/61443/cid/16224817/2012-Topps-106-Mark-Trumbo
2012,158,Josh Reddick,Oakland Athletics,/ViewCard.cfm/sid/61443/cid/4944760/2012-Topps-158-Josh-Reddick
2012,207,J.P. Arencibia,Toronto Blue Jays,/ViewCard.cfm/sid/61443/cid/4944761/2012-Topps-207-J.P.-Arencibia
2012,292,Ben Revere,Minnesota Twins,/ViewCard.cfm/sid/61443/cid/16224948/2012-Topps-292-Ben-Revere
2012,354,Jeremy Hellickson ,Tampa Bay Rays,/ViewCard.cfm/sid/61443/cid/4944793/2012-Topps-354-Jeremy-Hellickson-
2012,359,Danny Espinosa ,Washington Nationals,/ViewCard.cfm/sid/61443/cid/4944798/2012-Topps-359-Danny-Espinosa-
2012,462,Brett Lawrie,Toronto Blue Jays,/ViewCard.cfm/sid/61443/cid/4944903/2012-Topps-462-Brett-Lawrie
2013,1,Bryce Harper,Washington Nationals,/ViewCard.cfm/sid/72762/cid/5507913/2013-Topps-1-Bryce-Harper
2013,11,Yu Darvish,Texas Rangers,/ViewCard.cfm/sid/72762/cid/5507922/2013-Topps-11-Yu-Darvish
2013,27,Mike Trout,Los Angeles Angels,/ViewCard.cfm/sid/72762/cid/5507938/2013-Topps-27-Mike-Trout
2013,44,Anthony Rizzo,Chicago Cubs,/ViewCard.cfm/sid/72762/cid/5507955/2013-Topps-44-Anthony-Rizzo
2013,70,Todd Frazier,Cincinnati Reds,/ViewCard.cfm/sid/72762/cid/5507981/2013-Topps-70-Todd-Frazier
2013,202,Zack Cozart,Cincinnati Reds,/ViewCard.cfm/sid/72762/cid/5508113/2013-Topps-202-Zack-Cozart
2013,285,Addison Reed,Chicago White Sox,/ViewCard.cfm/sid/72762/cid/5508196/2013-Topps-285-Addison-Reed
2013,362,Yoenis Cespedes,Oakland Athletics,/ViewCard.cfm/sid/72762/cid/5815195/2013-Topps-362-Yoenis-Cespedes
2013,375,Wilin Rosario,Colorado Rockies,/ViewCard.cfm/sid/72762/cid/5815209/2013-Topps-375-Wilin-Rosario
2013,530,Wade Miley,Arizona Diamondbacks,/ViewCard.cfm/sid/72762/cid/5815365/2013-Topps-530-Wade-Miley
2013,568,Steve Lombardozzi,Washington Nationals,/ViewCard.cfm/sid/72762/cid/5815403/2013-Topps-568-Steve-Lombardozzi
2014,40,Hyun-Jin Ryu,Los Angeles Dodgers,/ViewCard.cfm/sid/83630/cid/6395236/2014-Topps-40-Hyun-Jin-Ryu
2014,110,Wil Myers,Tampa Bay Rays,/ViewCard.cfm/sid/83630/cid/6395306/2014-Topps-110-Wil-Myers
2014,157,Matt Adams,St. Louis Cardinals,/ViewCard.cfm/sid/83630/cid/6395353/2014-Topps-157-Matt-Adams
2014,181,Jim Henderson,Milwaukee Brewers,/ViewCard.cfm/sid/83630/cid/6395377/2014-Topps-181-Jim-Henderson
2014,275,Nolan Arenado,Colorado Rockies,/ViewCard.cfm/sid/83630/cid/6395471/2014-Topps-275-Nolan-Arenado
2014,331,Yasiel Puig,Los Angeles Dodgers,/ViewCard.cfm/sid/83630/cid/6395527/2014-Topps-331-Yasiel-Puig
2014,358,Christian Yelich,Miami Marlins,/ViewCard.cfm/sid/83630/cid/6665889/2014-Topps-358-Christian-Yelich
2014,449,Jedd Gyorko,San Diego Padres,/ViewCard.cfm/sid/83630/cid/6665980/2014-Topps-449-Jedd-Gyorko
2014,464,Evan Gattis,Atlanta Braves,/ViewCard.cfm/sid/83630/cid/6665995/2014-Topps-464-Evan-Gattis
2014,653,Jose Iglesias,Detroit Tigers,/ViewCard.cfm/sid/83630/cid/6666184/2014-Topps-653-Jose-Iglesias
2014,660,Jose Fernandez,Miami Marlins,/ViewCard.cfm/sid/83630/cid/6666191/2014-Topps-660-Jose-Fernandez
2015,142,Masahiro Tanaka,New York Yankees,/ViewCard.cfm/sid/97340/cid/7346604/2015-Topps-142-Masahiro-Tanaka
2015,176,Jose Abreu,Chicago White Sox,/ViewCard.cfm/sid/97340/cid/7346638/2015-Topps-176-Jose-Abreu
2015,318,George Springer,Houston Astros,/ViewCard.cfm/sid/97340/cid/7346780/2015-Topps-318-George-Springer
2015,327,Xander Bogaerts,Boston Red Sox,/ViewCard.cfm/sid/97340/cid/7346789/2015-Topps-327-Xander-Bogaerts
2015,333,Billy Hamilton,Cincinnati Reds,/ViewCard.cfm/sid/97340/cid/7346795/2015-Topps-333-Billy-Hamilton
2015,509,Danny Santana,Minnesota Twins,/ViewCard.cfm/sid/97340/cid/7773810/2015-Topps-509-Danny-Santana
2015,521,Nick Castellanos,Detroit Tigers,/ViewCard.cfm/sid/97340/cid/7773822/2015-Topps-521-Nick-Castellanos
2015,532,Dellin Betances,New York Yankees,/ViewCard.cfm/sid/97340/cid/7773833/2015-Topps-532-Dellin-Betances
2015,544,Travis d'Arnaud,New York Mets,/ViewCard.cfm/sid/97340/cid/7773845/2015-Topps-544-Travis-d'Arnaud
2015,588,Kolten Wong,St. Louis Cardinals,/ViewCard.cfm/sid/97340/cid/7773889/2015-Topps-588-Kolten-Wong
2015,634,Roenis Elias,Seattle Mariners,/ViewCard.cfm/sid/97340/cid/7773935/2015-Topps-634-Roenis-Elias
2016,43,Noah Syndergaard,New York Mets,/ViewCard.cfm/sid/115847/cid/8312459/2016-Topps-43-Noah-Syndergaard
2016,66,Kyle Schwarber,Chicago Cubs,/ViewCard.cfm/sid/115847/cid/8312482/2016-Topps-66-Kyle-Schwarber
2016,78,Miguel Sano,Minnesota Twins,/ViewCard.cfm/sid/115847/cid/8312494/2016-Topps-78-Miguel-Sano
2016,121,Roberto Osuna,Toronto Blue Jays,/ViewCard.cfm/sid/115847/cid/8312537/2016-Topps-121-Roberto-Osuna
2016,232,Michael Conforto,New York Mets,/ViewCard.cfm/sid/115847/cid/8312648/2016-Topps-232-Michael-Conforto
2016,350,Kris Bryant,Chicago Cubs,/ViewCard.cfm/sid/115847/cid/8312766/2016-Topps-350-Kris-Bryant
2016,543,Carlos Rodon,Chicago White Sox,/ViewCard.cfm/sid/115847/cid/8624806/2016-Topps-543-Carlos-Rodon
2016,650,Carlos Correa,Houston Astros,/ViewCard.cfm/sid/115847/cid/8624913/2016-Topps-650-Carlos-Correa
2016,656,Randal Grichuk,St. Louis Cardinals,/ViewCard.cfm/sid/115847/cid/8624919/2016-Topps-656-Randal-Grichuk
2016,666,J.T. Realmuto,Miami Marlins,/ViewCard.cfm/sid/115847/cid/8624929/2016-Topps-666-J.T.-Realmuto
2016,699,Justin Bour,Miami Marlins,/ViewCard.cfm/sid/115847/cid/8624962/2016-Topps-699-Justin-Bour
2017,5,Corey Seager,Los Angeles Dodgers,/ViewCard.cfm/sid/134018/cid/9466086/2017-Topps-5-Corey-Seager
2017,7,Gary Sanchez,New York Yankees,/ViewCard.cfm/sid/134018/cid/9466088/2017-Topps-7-Gary-Sanchez
2017,203,Tyler Naquin,Cleveland Indians,/ViewCard.cfm/sid/134018/cid/9466284/2017-Topps-203-Tyler-Naquin
2017,233,Nomar Mazara,Texas Rangers,/ViewCard.cfm/sid/134018/cid/9466314/2017-Topps-233-Nomar-Mazara
2017,341,Alex Bregman,Houston Astros,/ViewCard.cfm/sid/134018/cid/9466422/2017-Topps-341-Alex-Bregman
2018,1,Aaron Judge,New York Yankees,/ViewCard.cfm/sid/155909/cid/10708028/2018-Topps-1-Aaron-Judge
2018,18,Rafael Devers,Boston Red Sox,/ViewCard.cfm/sid/155909/cid/10708045/2018-Topps-18-Rafael-Devers
2018,42,Cody Bellinger,Los Angeles Dodgers,/ViewCard.cfm/sid/155909/cid/10708069/2018-Topps-42-Cody-Bellinger
2018,118,Ian Happ,Chicago Cubs,/ViewCard.cfm/sid/155909/cid/10708145/2018-Topps-118-Ian-Happ
2018,285,Trey Mancini,Baltimore Orioles,/ViewCard.cfm/sid/155909/cid/10708312/2018-Topps-285-Trey-Mancini
2018,357,Josh Hader,Milwaukee Brewers,/ViewCard.cfm/sid/155909/cid/11364420/2018-Topps-357-Josh-Hader
2018,427,Jordan Montgomery,New York Yankees,/ViewCard.cfm/sid/155909/cid/11364505/2018-Topps-427-Jordan-Montgomery
2018,462,Paul DeJong,St. Louis Cardinals,/ViewCard.cfm/sid/155909/cid/11364553/2018-Topps-462-Paul-DeJong
2018,534,German Marquez,Colorado Rockies,/ViewCard.cfm/sid/155909/cid/11364646/2018-Topps-534-German-Marquez
2018,556,Andrew Benintendi,Boston Red Sox,/ViewCard.cfm/sid/155909/cid/11364676/2018-Topps-556-Andrew-Benintendi
2018,637,Manny Pina,Milwaukee Brewers,/ViewCard.cfm/sid/155909/cid/11364788/2018-Topps-637-Manny-Pina
2019,1,Ronald Acuña Jr.,Atlanta Braves,/ViewCard.cfm/sid/182808/cid/12641753/2019-Topps-1-Ronald-Acuña-Jr.
2019,7,Gleyber Torres,New York Yankees,/ViewCard.cfm/sid/182808/cid/12641759/2019-Topps-7-Gleyber-Torres
2019,97,Harrison Bader,St. Louis Cardinals,/ViewCard.cfm/sid/182808/cid/12641849/2019-Topps-97-Harrison-Bader
2019,132,Miguel Andujar,New York Yankees,/ViewCard.cfm/sid/182808/cid/12641884/2019-Topps-132-Miguel-Andujar
2019,213,Juan Soto,Washington Nationals,/ViewCard.cfm/sid/182808/cid/12641965/2019-Topps-213-Juan-Soto
2019,250,Shohei Ohtani,Los Angeles Angels,/ViewCard.cfm/sid/182808/cid/12642002/2019-Topps-250-Shohei-Ohtani
2019,332,Ryan O'Hearn,Kansas City Royals,/ViewCard.cfm/sid/182808/cid/12642084/2019-Topps-332-Ryan-O'Hearn
2019,432,Ryan Yarbrough,Tampa Bay Rays,/ViewCard.cfm/sid/182808/cid/13161032/2019-Topps-432-Ryan-Yarbrough
2019,445,Walker Buehler,Los Angeles Dodgers,/ViewCard.cfm/sid/182808/cid/13161049/2019-Topps-445-Walker-Buehler
2019,451,Jorge Alfaro,Miami Marlins,/ViewCard.cfm/sid/182808/cid/13161057/2019-Topps-451-Jorge-Alfaro
2019,467,A.J. Minter,Atlanta Braves,/ViewCard.cfm/sid/182808/cid/13161075/2019-Topps-467-A.J.-Minter
2019,562,Willy Adames,Tampa Bay Rays,/ViewCard.cfm/sid/182808/cid/13161192/2019-Topps-562-Willy-Adames
2019,600,Shohei Ohtani,Los Angeles Angels,/ViewCard.cfm/sid/182808/cid/13161243/2019-Topps-600-Shohei-Ohtani
2020,49,Eloy Jimenez,Chicago White Sox,/ViewCard.cfm/sid/209948/cid/14198201/2020-Topps-49-Eloy-Jimenez
2020,168,Fernando Tatis Jr.,San Diego Padres,/ViewCard.cfm/sid/209948/cid/14198355/2020-Topps-168-Fernando-Tatis-Jr.
2020,182,Vladimir Guerrero Jr.,Toronto Blue Jays,/ViewCard.cfm/sid/209948/cid/14198376/2020-Topps-182-Vladimir-Guerrero-Jr.
2020,276,Yordan Alvarez,Houston Astros,/ViewCard.cfm/sid/209948/cid/14198494/2020-Topps-276-Yordan-Alvarez
2020,324,Mike Soroka,Atlanta Braves,/ViewCard.cfm/sid/209948/cid/14198558/2020-Topps-324-Mike-Soroka
2020,350,Pete Alonso,New York Mets,/ViewCard.cfm/sid/209948/cid/14198592/2020-Topps-350-Pete-Alonso
2020,491,Will Smith,Los Angeles Dodgers,/ViewCard.cfm/sid/209948/cid/14727570/2020-Topps-491-Will-Smith
2020,500,Nick Anderson,Tampa Bay Rays,/ViewCard.cfm/sid/209948/cid/14727581/2020-Topps-500-Nick-Anderson
2020,547,Victor Robles,Washington Nationals,/ViewCard.cfm/sid/209948/cid/14727638/2020-Topps-547-Victor-Robles
2020,550,John Means,Baltimore Orioles,/ViewCard.cfm/sid/209948/cid/14727642/2020-Topps-550-John-Means
2020,571,Keston Hiura,Milwaukee Brewers,/ViewCard.cfm/sid/209948/cid/14727672/2020-Topps-571-Keston-Hiura
2020,617,Bryan Reynolds,Pittsburgh Pirates,/ViewCard.cfm/sid/209948/cid/14727727/2020-Topps-617-Bryan-Reynolds
2021,42,Kyle Lewis,Seattle Mariners,/ViewCard.cfm/sid/241380/cid/15983743/2021-Topps-42-Kyle-Lewis
2021,143,Ryan Mountcastle,Baltimore Orioles,/ViewCard.cfm/sid/241380/cid/15983844/2021-Topps-143-Ryan-Mountcastle
2021,223,Luis Robert,Chicago White Sox,/ViewCard.cfm/sid/241380/cid/15983924/2021-Topps-223-Luis-Robert
2021,230,Tony Gonsolin,Los Angeles Dodgers,/ViewCard.cfm/sid/241380/cid/15983931/2021-Topps-230-Tony-Gonsolin
2021,277,Alec Bohm,Philadelphia Phillies,/ViewCard.cfm/sid/241380/cid/15983978/2021-Topps-277-Alec-Bohm
2021,339,Willi Castro,Detroit Tigers,/ViewCard.cfm/sid/241380/cid/16635235/2021-Topps-339-Willi-Castro
2021,349,Sean Murphy,Oakland Athletics,/ViewCard.cfm/sid/241380/cid/16635249/2021-Topps-349-Sean-Murphy
2021,371,Jake Cronenworth,San Diego Padres,/ViewCard.cfm/sid/241380/cid/16635276/2021-Topps-371-Jake-Cronenworth
2021,482,Kwang-Hyun Kim,St. Louis Cardinals,/ViewCard.cfm/sid/241380/cid/16635418/2021-Topps-482-Kwang-Hyun-Kim
2021,485,Devin Williams,Milwaukee Brewers,/ViewCard.cfm/sid/241380/cid/16635421/2021-Topps-485-Devin-Williams
2021,575,Jared Walsh,Los Angeles Angels,/ViewCard.cfm/sid/241380/cid/16635541/2021-Topps-575-Jared-Walsh