name,year,number,price,own,last_name
Warren Spahn,1952,33,112.5,0,Spahn
Bob Feller,1952,88,89,0,Feller
Willie Mays,1952,261,227.5,0,Mays
Mickey Mantle,1952,311,4000,0,Mantle
Jackie Robinson,1952,312,2000,0,Robinson
Jackie Robinson,1953,1,456,0,Robinson
Bob Feller,1953,54,60,0,Feller
Mickey Mantle,1953,82,2000,0,Mantle
Warren Spahn,1953,147,100,0,Spahn
Willie Mays,1953,244,1000,0,Mays
Ted Williams,1954,1,220.5,0,Williams
Jackie Robinson,1954,10,246,0,Robinson
Warren Spahn,1954,20,60,0,Spahn
Willie Mays,1954,90,294.99,0,Mays
Ernie Banks,1954,94,886,0,Banks
Hank Aaron,1954,128,526,0,Aaron
Al Kaline,1954,201,467,0,Kaline
Ted Williams,1955,2,212,0,Williams
Al Kaline,1955,4,89,0,Kaline
Ernie Banks,1955,28,89.99,0,Banks
Warren Spahn,1955,31,41,0,Spahn
Hank Aaron,1955,47,229.5,0,Aaron
Jackie Robinson,1955,50,250,0,Robinson
Sandy Koufax,1955,123,480,0,Koufax
Roberto Clemente,1955,164,1000,0,Clemente
Willie Mays,1955,194,318.5,0,Mays
Ted Williams,1956,5,400,0,Williams
Warren Spahn,1956,10,73,0,Spahn
Ernie Banks,1956,15,64.84,0,Banks
Al Kaline,1956,20,46.13,0,Kaline
Jackie Robinson,1956,30,150,0,Robinson
Hank Aaron,1956,31,102.5,0,Aaron
Roberto Clemente,1956,33,314,0,Clemente
Sandy Koufax,1956,79,227.5,0,Koufax
Bob Feller,1956,200,67,0,Feller
Willie Mays,1956,130b,100,0,Mays
Mickey Mantle,1956,135b,620,0,Mantle
Ted Williams,1957,1,100,0,Williams
Willie Mays,1957,10,177.5,0,Mays
Hank Aaron,1957,20,150,0,Aaron
Frank Robinson,1957,35,161.5,0,Robinson
Ernie Banks,1957,55,47,0,Banks
Roberto Clemente,1957,76,144.5,0,Clemente
Warren Spahn,1957,90,15.5,0,Spahn
Mickey Mantle,1957,95,836,0,Mantle
Al Kaline,1957,125,54,0,Kaline
Sandy Koufax,1957,302,85,0,Koufax
Brooks Robinson,1957,328,130,0,Robinson
Ted Williams,1958,1,177.04,0,Williams
Willie Mays,1958,5,93.21,1,Mays
Hank Aaron,1958,30,137.5,0,Aaron
Roberto Clemente,1958,52,119.95,0,Clemente
Al Kaline,1958,70,28.6,0,Kaline
Mickey Mantle,1958,150,315,0,Mantle
Sandy Koufax,1958,187,35,0,Koufax
Warren Spahn,1958,270,18,0,Spahn
Frank Robinson,1958,285,25,0,Robinson
Brooks Robinson,1958,307,28,0,Robinson
Ernie Banks,1958,310,61,0,Banks
Mickey Mantle,1959,10,334.99,0,Mantle
Warren Spahn,1959,40,24.5,0,Spahn
Willie Mays,1959,50,120,0,Mays
Stan Musial,1959,150,32,0,Musial
Sandy Koufax,1959,163,42.12,0,Koufax
Ernie Banks,1959,350,25,0,Banks
Al Kaline,1959,360,32,0,Kaline
Hank Aaron,1959,380,147.5,0,Aaron
Frank Robinson,1959,435,21.5,0,Robinson
Brooks Robinson,1959,439,17.5,0,Robinson
Roberto Clemente,1959,478,126,0,Clemente
Bob Gibson,1959,514,147.75,0,Gibson
Ernie Banks,1960,10,30,1,Banks
Brooks Robinson,1960,28,24.5,0,Robinson
Al Kaline,1960,50,20,0,Kaline
Bob Gibson,1960,73,24.5,1,Gibson
Carl Yastrzemski,1960,148,75,0,Yastrzemski
Willie Mays,1960,200,90.96,0,Mays
Stan Musial,1960,250,40,0,Musial
Hank Aaron,1960,300,103,0,Aaron
Willie McCovey,1960,316,73.43,0,McCovey
Roberto Clemente,1960,326,147.5,1,Clemente
Sandy Koufax,1960,343,60,0,Koufax
Mickey Mantle,1960,350,350,0,Mantle
Warren Spahn,1960,445,10.68,0,Spahn
Frank Robinson,1960,490,26,1,Robinson
Brooks Robinson,1961,10,10.25,0,Robinson
Willie Mays,1961,150,62,0,Mays
Warren Spahn,1961,200,14.38,0,Spahn
Bob Gibson,1961,211,23.1,0,Gibson
Carl Yastrzemski,1961,287,21.5,0,Yastrzemski
Stan Musial,1961,290,37,0,Musial
Mickey Mantle,1961,300,251.25,0,Mantle
Sandy Koufax,1961,344,50,0,Koufax
Ernie Banks,1961,350,23.73,0,Banks
Frank Robinson,1961,360,16,0,Robinson
Roberto Clemente,1961,388,90,0,Clemente
Hank Aaron,1961,415,90,0,Aaron
Al Kaline,1961,429,25,0,Kaline
Willie McCovey,1961,517,17,0,McCovey
Sandy Koufax,1962,5,45,0,Koufax
Roberto Clemente,1962,10,132.5,0,Clemente
Ernie Banks,1962,25,29,0,Banks
Brooks Robinson,1962,45,28,0,Robinson
Stan Musial,1962,50,65,0,Musial
Warren Spahn,1962,100,15,1,Spahn
Al Kaline,1962,150,22,0,Kaline
Mickey Mantle,1962,200,215,0,Mantle
Willie Mays,1962,300,135,0,Mays
Hank Aaron,1962,320,87,0,Aaron
Frank Robinson,1962,350,25.7,0,Robinson
Lou Brock,1962,387,45,0,Brock
Carl Yastrzemski,1962,425,20,0,Yastrzemski
Bob Gibson,1962,530,35,0,Gibson
Willie McCovey,1962,544,62.75,0,McCovey
Al Kaline,1963,25,33.5,1,Kaline
Carl Yastrzemski,1963,115,23,0,Yastrzemski
Mickey Mantle,1963,200,335.15,0,Mantle
Sandy Koufax,1963,210,120,0,Koufax
Stan Musial,1963,250,34,0,Musial
Willie Mays,1963,300,119.96,0,Mays
Warren Spahn,1963,320,30,0,Spahn
Brooks Robinson,1963,345,35,0,Robinson
Ernie Banks,1963,380,20,0,Banks
Hank Aaron,1963,390,102,0,Aaron
Frank Robinson,1963,400,48.5,0,Robinson
Bob Gibson,1963,415,37,0,Gibson
Lou Brock,1963,472,40,0,Brock
Willie McCovey,1963,490,69,0,McCovey
Roberto Clemente,1963,540,35,0,Clemente
Willie Stargell,1963,553,40,0,Stargell
Lou Brock,1964,29,30,0,Brock
Mickey Mantle,1964,50,299,0,Mantle
Ernie Banks,1964,55,19.5,0,Banks
Willie Mays,1964,150,59.5,0,Mays
Sandy Koufax,1964,200,65,0,Koufax
Carl Yastrzemski,1964,210,18,0,Yastrzemski
Brooks Robinson,1964,230,11.5,0,Robinson
Al Kaline,1964,250,15,0,Kaline
Frank Robinson,1964,260,18,0,Robinson
Hank Aaron,1964,300,40,0,Aaron
Willie Stargell,1964,342,7.5,0,Stargell
Willie McCovey,1964,350,16,0,McCovey
Warren Spahn,1964,400,20,0,Spahn
Roberto Clemente,1964,440,43,0,Clemente
Bob Gibson,1964,460,12,0,Gibson
Joe Morgan,1965,16,40,1,Morgan
Frank Robinson,1965,120,16,0,Robinson
Al Kaline,1965,130,11,0,Kaline
Brooks Robinson,1965,150,23,0,Robinson
Roberto Clemente,1965,160,50.6,0,Clemente
Hank Aaron,1965,170,81,0,Aaron
Willie McCovey,1965,176,11.75,0,McCovey
Warren Spahn,1965,205,10,0,Spahn
Willie Mays,1965,250,79.99,0,Mays
Sandy Koufax,1965,300,33,0,Koufax
Bob Gibson,1965,320,30,0,Gibson
Mickey Mantle,1965,350,282.29,0,Mantle
Willie Stargell,1965,377,17,0,Stargell
Carl Yastrzemski,1965,385,22.5,0,Yastrzemski
Steve Carlton,1965,477,44,0,Carlton
Ernie Banks,1965,510,30,0,Banks
Lou Brock,1965,540,27.82,0,Brock
Willie Mays,1966,1,15,0,Mays
Mickey Mantle,1966,50,145,0,Mantle
Carl Yastrzemski,1966,70,14,1,Yastrzemski
Sandy Koufax,1966,100,37.44,0,Koufax
Ernie Banks,1966,110,19,1,Banks
Lou Brock,1966,125,13.33,0,Brock
Jim Palmer,1966,126,67.99,0,Palmer
Joe Morgan,1966,195,8.51,1,Morgan
Willie Stargell,1966,255,8.25,0,Stargell
Roberto Clemente,1966,300,62,0,Clemente
Frank Robinson,1966,310,40,0,Robinson
Bob Gibson,1966,320,20.83,0,Gibson
Brooks Robinson,1966,390,26,0,Robinson
Al Kaline,1966,410,7.5,0,Kaline
Hank Aaron,1966,500,41,0,Aaron
Willie McCovey,1966,550,134.5,0,McCovey
Al Kaline,1967,30,8,0,Kaline
Frank Robinson,1967,100,17.5,0,Robinson
Willie Stargell,1967,140,4,0,Stargell
Steve Carlton,1967,146,16.17,1,Carlton
Mickey Mantle,1967,150,190,0,Mantle
Willie Mays,1967,200,22.49,0,Mays
Bob Gibson,1967,210,9,1,Gibson
Ernie Banks,1967,215,14,0,Banks
Hank Aaron,1967,250,17,0,Aaron
Lou Brock,1967,285,14,0,Brock
Joe Morgan,1967,337,8.25,1,Morgan
Carl Yastrzemski,1967,355,46.5,1,Yastrzemski
Roberto Clemente,1967,400,34.1,0,Clemente
Jim Palmer,1967,475,33.65,0,Palmer
Willie McCovey,1967,480,30.24,0,McCovey
Rod Carew,1967,569,249.99,0,Carew
Tom Seaver,1967,581,600,0,Seaver
Brooks Robinson,1967,600,175,0,Robinson
Brooks Robinson,1968,20,11,0,Robinson
Tom Seaver,1968,45,59.99,0,Seaver
Willie Mays,1968,50,16.25,0,Mays
Rod Carew,1968,80,20,1,Carew
Willie Stargell,1968,86,4,0,Stargell
Bob Gibson,1968,100,13.01,0,Gibson
Hank Aaron,1968,110,25,0,Aaron
Joe Morgan,1968,144,2.32,1,Morgan
Roberto Clemente,1968,150,29.99,0,Clemente
Nolan Ryan,1968,177,300,0,Ryan
Al Kaline,1968,240,7.5,0,Kaline
Johnny Bench,1968,247,39,0,Bench
Carl Yastrzemski,1968,250,81.01,0,Yastrzemski
Mickey Mantle,1968,280,74.99,0,Mantle
Willie McCovey,1968,290,3,0,McCovey
Ernie Banks,1968,355,10,0,Banks
Steve Carlton,1968,408,5,0,Carlton
Frank Robinson,1968,500,75.38,0,Robinson
Lou Brock,1968,520,14.51,0,Brock
Jim Palmer,1968,575,20,0,Palmer
Ernie Banks,1969,20,7.5,0,Banks
Joe Morgan,1969,35,2,0,Morgan
Roberto Clemente,1969,50,19.95,0,Clemente
Lou Brock,1969,85,15,0,Brock
Johnny Bench,1969,95,29.95,0,Bench
Hank Aaron,1969,100,20.28,0,Aaron
Carl Yastrzemski,1969,130,12,0,Yastrzemski
Willie Mays,1969,190,26,0,Mays
Bob Gibson,1969,200,2.25,0,Gibson
Frank Robinson,1969,250,10,0,Robinson
Steve Carlton,1969,255,21,0,Carlton
Reggie Jackson,1969,260,63.49,0,Jackson
Al Kaline,1969,410,25,0,Kaline
Willie McCovey,1969,440,10,0,McCovey
Tom Seaver,1969,480,13.2,0,Seaver
Mickey Mantle,1969,500,100,0,Mantle
Rod Carew,1969,510,30,0,Carew
Nolan Ryan,1969,533,200,0,Ryan
Willie Stargell,1969,545,12,0,Stargell
Brooks Robinson,1969,550,15,0,Robinson
Jim Palmer,1969,573,10,0,Palmer
Carl Yastrzemski,1970,10,8.5,1,Yastrzemski
Reggie Jackson,1970,140,32,1,Jackson
Steve Carlton,1970,220,4,0,Carlton
Brooks Robinson,1970,230,8.5,0,Robinson
Willie McCovey,1970,250,8.95,0,McCovey
Rod Carew,1970,290,6,1,Carew
Tom Seaver,1970,300,15,0,Seaver
Lou Brock,1970,330,4.99,0,Brock
Roberto Clemente,1970,350,41.25,0,Clemente
Jim Palmer,1970,449,3.25,0,Palmer
Willie Stargell,1970,470,5,0,Stargell
Hank Aaron,1970,500,26.55,0,Aaron
Bob Gibson,1970,530,9.5,0,Gibson
Joe Morgan,1970,537,5,1,Morgan
Willie Mays,1970,600,47,0,Mays
Ernie Banks,1970,630,30,0,Banks
Al Kaline,1970,640,31,0,Kaline
Johnny Bench,1970,660,49,0,Bench
Frank Robinson,1970,700,32,0,Robinson
Nolan Ryan,1970,712,127.5,0,Ryan
Reggie Jackson,1971,20,7.45,0,Jackson
Willie McCovey,1971,50,5.5,0,McCovey
Steve Carlton,1971,55,4,0,Carlton
Tom Seaver,1971,160,12.49,1,Seaver
Al Kaline,1971,180,5,0,Kaline
Rod Carew,1971,210,4,1,Carew
Willie Stargell,1971,230,4,0,Stargell
Johnny Bench,1971,250,6.95,0,Bench
Joe Morgan,1971,264,6,1,Morgan
Brooks Robinson,1971,300,3,0,Robinson
Hank Aaron,1971,400,20,0,Aaron
Bob Gibson,1971,450,3.25,1,Gibson
Nolan Ryan,1971,513,64.5,0,Ryan
Ernie Banks,1971,525,23,0,Banks
Carl Yastrzemski,1971,530,6.15,0,Yastrzemski
Jim Palmer,1971,570,15,0,Palmer
Willie Mays,1971,600,35,0,Mays
Lou Brock,1971,625,24.25,0,Brock
Roberto Clemente,1971,630,50,0,Clemente
Frank Robinson,1971,640,7,0,Robinson
Carl Yastrzemski,1972,37,5.25,0,Yastrzemski
Willie Mays,1972,49,14.99,0,Mays
Frank Robinson,1972,100,3,1,Robinson
Bob Gibson,1972,130,2.75,1,Gibson
Joe Morgan,1972,132,6,0,Morgan
Lou Brock,1972,200,3,0,Brock
Jim Palmer,1972,270,6,1,Palmer
Willie McCovey,1972,280,4,1,McCovey
Hank Aaron,1972,299,14,0,Aaron
Roberto Clemente,1972,309,45,0,Clemente
Steve Carlton,1972,420,5,0,Carlton
Johnny Bench,1972,433,16.01,0,Bench
Reggie Jackson,1972,435,8.31,1,Jackson
Tom Seaver,1972,445,6,0,Seaver
Willie Stargell,1972,447,5,0,Stargell
Brooks Robinson,1972,550,12.15,0,Robinson
Nolan Ryan,1972,595,50,0,Ryan
Al Kaline,1972,600,7,0,Kaline
Rod Carew,1972,695,18,0,Carew
Roberto Clemente,1973,50,20,1,Clemente
Brooks Robinson,1973,90,3,1,Robinson
Hank Aaron,1973,100,15,1,Aaron
Jim Palmer,1973,160,2,1,Palmer
Frank Robinson,1973,175,2,1,Robinson
Bob Gibson,1973,190,3,1,Gibson
Nolan Ryan,1973,220,16.5,1,Ryan
Joe Morgan,1973,230,6.51,0,Morgan
Carl Yastrzemski,1973,245,4.95,1,Yastrzemski
Reggie Jackson,1973,255,7.45,1,Jackson
Al Kaline,1973,280,3,1,Kaline
Steve Carlton,1973,300,3,1,Carlton
Willie Mays,1973,305,39,1,Mays
Lou Brock,1973,320,3.34,1,Brock
Rod Carew,1973,330,2,1,Carew
Tom Seaver,1973,350,11.99,1,Seaver
Willie Stargell,1973,370,1,1,Stargell
Johnny Bench,1973,380,5,1,Bench
Willie McCovey,1973,410,6,1,McCovey
Mike Schmidt,1973,615,74,1,Schmidt
Hank Aaron,1974,1,7.1,1,Aaron
Johnny Bench,1974,10,7,1,Bench
Nolan Ryan,1974,20,15.85,1,Ryan
Jim Palmer,1974,40,3,1,Palmer
Rod Carew,1974,50,5,1,Carew
Frank Robinson,1974,55,4.77,1,Robinson
Lou Brock,1974,60,2.25,1,Brock
Tom Seaver,1974,80,4,1,Seaver
Joe Morgan,1974,85,3,1,Morgan
Steve Carlton,1974,95,3,1,Carlton
Willie Stargell,1974,100,3,1,Stargell
Reggie Jackson,1974,130,8.75,0,Jackson
Brooks Robinson,1974,160,3,0,Robinson
Al Kaline,1974,215,3.5,0,Kaline
Willie McCovey,1974,250,2,1,McCovey
Carl Yastrzemski,1974,280,6.77,1,Yastrzemski
Mike Schmidt,1974,283,13,1,Schmidt
Bob Gibson,1974,350,4,1,Gibson
Dave Winfield,1974,456,21.5,1,Winfield
Brooks Robinson,1975,50,4,0,Robinson
Dave Winfield,1975,61,3.99,1,Winfield
Mike Schmidt,1975,70,16,1,Schmidt
Willie Stargell,1975,100,3.5,1,Stargell
Bob Gibson,1975,150,2.5,1,Gibson
Joe Morgan,1975,180,3,1,Morgan
Steve Carlton,1975,185,4.75,1,Carlton
Robin Yount,1975,223,32.25,1,Yount
George Brett,1975,228,31,0,Brett
Johnny Bench,1975,260,8,0,Bench
Carl Yastrzemski,1975,280,8,1,Yastrzemski
Reggie Jackson,1975,300,6.25,1,Jackson
Jim Palmer,1975,335,2.63,1,Palmer
Tom Seaver,1975,370,7,1,Seaver
Willie McCovey,1975,450,2.25,1,McCovey
Nolan Ryan,1975,500,29,1,Ryan
Lou Brock,1975,540,9.01,0,Brock
Frank Robinson,1975,580,2.5,1,Robinson
Rod Carew,1975,600,7.5,1,Carew
Hank Aaron,1975,660,12,0,Aaron
Lou Brock,1976,10,2.25,0,Brock
George Brett,1976,19,15,1,Brett
Brooks Robinson,1976,95,2.75,1,Robinson
Dennis Eckersley,1976,98,11.79,0,Eckersley
Dave Winfield,1976,160,4,1,Winfield
Carl Yastrzemski,1976,230,5,1,Yastrzemski
Willie Stargell,1976,270,2,0,Stargell
Johnny Bench,1976,300,6,1,Bench
Robin Yount,1976,316,5,1,Yount
Nolan Ryan,1976,330,15,1,Ryan
Steve Carlton,1976,355,3,1,Carlton
Rod Carew,1976,400,1.8,1,Carew
Joe Morgan,1976,420,5,1,Morgan
Jim Palmer,1976,450,3,1,Palmer
Mike Schmidt,1976,480,15,1,Schmidt
Reggie Jackson,1976,500,5,1,Jackson
Willie McCovey,1976,520,4.25,1,McCovey
Hank Aaron,1976,550,14,1,Aaron
Tom Seaver,1976,600,4,0,Seaver
Reggie Jackson,1977,10,6,0,Jackson
Johnny Bench,1977,70,4,0,Bench
Joe Morgan,1977,100,3,1,Morgan
Steve Carlton,1977,110,3,1,Carlton
Rod Carew,1977,120,1.5,1,Carew
Mike Schmidt,1977,140,6,0,Schmidt
Tom Seaver,1977,150,4,0,Seaver
Brooks Robinson,1977,285,3,1,Robinson
Lou Brock,1977,355,2,0,Brock
Dave Winfield,1977,390,2,1,Winfield
Willie Stargell,1977,460,2.5,0,Stargell
Carl Yastrzemski,1977,480,6.5,1,Yastrzemski
Dennis Eckersley,1977,525,3.25,1,Eckersley
Willie McCovey,1977,547,3.88,0,McCovey
George Brett,1977,580,12,1,Brett
Jim Palmer,1977,600,1.25,0,Palmer
Robin Yount,1977,635,5.25,1,Yount
Nolan Ryan,1977,650,17,1,Ryan
Willie McCovey,1978,34,3,1,McCovey
Eddie Murray,1978,36,49.99,0,Murray
Carl Yastrzemski,1978,40,6,0,Yastrzemski
George Brett,1978,100,11.5,1,Brett
Dennis Eckersley,1978,122,3,1,Eckersley
Jim Palmer,1978,160,3,1,Palmer
Lou Brock,1978,170,1.25,0,Brock
Robin Yount,1978,173,2.25,1,Yount
Reggie Jackson,1978,200,3.25,1,Jackson
Joe Morgan,1978,300,3,1,Morgan
Mike Schmidt,1978,360,4,1,Schmidt
Nolan Ryan,1978,400,10.99,1,Ryan
Tom Seaver,1978,450,2.5,1,Seaver
Willie Stargell,1978,510,1.25,1,Stargell
Dave Winfield,1978,530,2.5,1,Winfield
Steve Carlton,1978,540,3,1,Carlton
Rod Carew,1978,580,2,1,Carew
Johnny Bench,1978,700,3.63,0,Bench
Paul Molitor,1978,707,31,1,Molitor
Joe Morgan,1979,20,2.25,1,Morgan
Paul Molitor,1979,24,6,1,Molitor
Steve Carlton,1979,25,1,1,Carlton
Dave Winfield,1979,30,1.98,1,Winfield
Dennis Eckersley,1979,40,1.35,0,Eckersley
Willie Stargell,1979,55,1.7,1,Stargell
Robin Yount,1979,95,2,1,Yount
Tom Seaver,1979,100,2.3,1,Seaver
Nolan Ryan,1979,115,10.25,1,Ryan
Ozzie Smith,1979,116,30,0,Smith
Johnny Bench,1979,200,1.5,1,Bench
Willie McCovey,1979,215,1.1,1,McCovey
Rod Carew,1979,300,1.63,1,Carew
Carl Yastrzemski,1979,320,3,1,Yastrzemski
George Brett,1979,330,5,1,Brett
Jim Palmer,1979,340,0.75,1,Palmer
Mike Schmidt,1979,610,8,1,Schmidt
Eddie Murray,1979,640,8,1,Murray
Lou Brock,1979,665,0.75,1,Brock
Reggie Jackson,1979,700,2.5,1,Jackson
Johnny Bench,1980,100,3,1,Bench
Eddie Murray,1980,160,2.8,1,Murray
Steve Carlton,1980,210,1,0,Carlton
Dave Winfield,1980,230,1.25,1,Winfield
Robin Yount,1980,265,1.25,1,Yount
Mike Schmidt,1980,270,8,1,Schmidt
Dennis Eckersley,1980,320,1.5,0,Eckersley
Willie McCovey,1980,335,0.95,1,McCovey
Ozzie Smith,1980,393,3.5,1,Smith
Paul Molitor,1980,406,2.45,1,Molitor
George Brett,1980,450,4.99,1,Brett
Rickey Henderson,1980,482,28,1,Henderson
Tom Seaver,1980,500,3,1,Seaver
Nolan Ryan,1980,580,4.5,1,Ryan
Jim Palmer,1980,590,0.75,0,Palmer
Reggie Jackson,1980,600,2.25,1,Jackson
Willie Stargell,1980,610,0.5,1,Stargell
Joe Morgan,1980,650,1,1,Morgan
Rod Carew,1980,700,1,0,Carew
Carl Yastrzemski,1980,720,2.6,1,Yastrzemski
Rod Carew,1981,100,0.75,1,Carew
Carl Yastrzemski,1981,110,1.5,1,Yastrzemski
Jim Palmer,1981,210,0.6,1,Palmer
Tom Seaver,1981,220,1.37,1,Seaver
Nolan Ryan,1981,240,6,1,Ryan
Ozzie Smith,1981,254,3.59,1,Smith
Rickey Henderson,1981,261,6.13,1,Henderson
Paul Molitor,1981,300,1.36,1,Molitor
Dave Winfield,1981,370,2,1,Winfield
Willie Stargell,1981,380,0.3,0,Stargell
Reggie Jackson,1981,400,1.33,1,Jackson
Eddie Murray,1981,490,2.5,1,Murray
Robin Yount,1981,515,1.75,1,Yount
Mike Schmidt,1981,540,3.5,1,Schmidt
Joe Morgan,1981,560,1.87,1,Morgan
Johnny Bench,1981,600,1.5,0,Bench
Dennis Eckersley,1981,620,0.75,1,Eckersley
Steve Carlton,1981,630,0.74,0,Carlton
George Brett,1981,700,3,1,Brett
Cal Ripken Jr,1982,21,15,1,Ripken
Tom Seaver,1982,30,0.99,0,Seaver
Jim Palmer,1982,80,0.3,1,Palmer
Nolan Ryan,1982,90,6,0,Ryan
Ozzie Smith,1982,95,2.5,1,Smith
Mike Schmidt,1982,100,3,1,Schmidt
Paul Molitor,1982,195,2,1,Molitor
George Brett,1982,200,1.99,1,Brett
Reggie Jackson,1982,300,0.5,1,Jackson
Eddie Murray,1982,390,1.62,1,Murray
Johnny Bench,1982,400,2,1,Bench
Robin Yount,1982,435,0.6,1,Yount
Steve Carlton,1982,480,0.4,1,Carlton
Dennis Eckersley,1982,490,0.5,1,Eckersley
Rod Carew,1982,500,0.37,1,Carew
Dave Winfield,1982,600,0.35,1,Winfield
Rickey Henderson,1982,610,2.5,0,Henderson
Carl Yastrzemski,1982,650,1,0,Yastrzemski
Willie Stargell,1982,715,0.38,0,Stargell
Joe Morgan,1982,754,1.8,0,Morgan
Johnny Bench,1983,60,3.5,1,Bench
Steve Carlton,1983,70,0.4,1,Carlton
Cal Ripken Jr,1983,163,8.27,1,Ripken
Rickey Henderson,1983,180,2.5,1,Henderson
Rod Carew,1983,200,0.3,1,Carew
Dennis Eckersley,1983,270,0.8,1,Eckersley
Mike Schmidt,1983,300,3,1,Schmidt
Robin Yount,1983,350,2,1,Yount
Nolan Ryan,1983,360,6,1,Ryan
Tony Gwynn,1983,482,11,1,Gwynn
Jim Palmer,1983,490,0.9,1,Palmer
Wade Boggs,1983,498,7.54,1,Boggs
Reggie Jackson,1983,500,1,1,Jackson
Eddie Murray,1983,530,1.25,1,Murray
Ozzie Smith,1983,540,1.11,1,Smith
Carl Yastrzemski,1983,550,2,1,Yastrzemski
Tom Seaver,1983,580,0.95,1,Seaver
George Brett,1983,600,3,1,Brett
Joe Morgan,1983,603,0.8,1,Morgan
Paul Molitor,1983,630,1.5,1,Molitor
Dave Winfield,1983,770,1.25,1,Winfield
Robin Yount,1984,10,1,1,Yount
Wade Boggs,1984,30,2.61,0,Boggs
Paul Molitor,1984,60,1.25,1,Molitor
Reggie Jackson,1984,100,1.25,1,Jackson
Ozzie Smith,1984,130,0.22,1,Smith
Joe Morgan,1984,210,1,1,Morgan
Rickey Henderson,1984,230,1.88,0,Henderson
Eddie Murray,1984,240,1.5,1,Murray
Tony Gwynn,1984,251,3.55,1,Gwynn
Dave Winfield,1984,460,1.75,1,Winfield
Nolan Ryan,1984,470,3.5,1,Ryan
Cal Ripken Jr,1984,490,4.25,1,Ripken
George Brett,1984,500,1.5,1,Brett
Rod Carew,1984,600,0.85,1,Carew
Mike Schmidt,1984,700,2,0,Schmidt
Tom Seaver,1984,740,0.75,1,Seaver
Dennis Eckersley,1984,745,0.75,1,Eckersley
Jim Palmer,1984,750,0.75,1,Palmer
Steve Carlton,1984,780,0.38,1,Carlton
Cal Ripken Jr,1985,30,3,1,Ripken
George Brett,1985,100,1.25,1,Brett
Rickey Henderson,1985,115,3.48,1,Henderson
Dennis Eckersley,1985,163,0.85,1,Eckersley
Dave Winfield,1985,180,1.25,1,Winfield
Reggie Jackson,1985,200,0.9,1,Jackson
Rod Carew,1985,300,0.75,1,Carew
Robin Yount,1985,340,1.15,1,Yount
Wade Boggs,1985,350,1.15,0,Boggs
Joe Morgan,1985,352,1.85,0,Morgan
Steve Carlton,1985,360,0.55,1,Carlton
Mike Schmidt,1985,500,1.68,1,Schmidt
Paul Molitor,1985,522,1.25,1,Molitor
Kirby Puckett,1985,536,5,1,Puckett
Ozzie Smith,1985,605,0.25,1,Smith
Tony Gwynn,1985,660,1.43,1,Gwynn
Tom Seaver,1985,670,0.85,1,Seaver
Eddie Murray,1985,700,1.5,0,Murray
Nolan Ryan,1985,760,3.5,1,Ryan
Tony Gwynn,1986,10,1.25,1,Gwynn
Eddie Murray,1986,30,1.25,1,Murray
Dave Winfield,1986,70,1.25,1,Winfield
Nolan Ryan,1986,100,3.5,1,Ryan
Steve Carlton,1986,120,0.25,1,Carlton
Mike Schmidt,1986,200,1.5,1,Schmidt
Paul Molitor,1986,267,1.05,1,Molitor
George Brett,1986,300,1.5,1,Brett
Kirby Puckett,1986,329,1.5,1,Puckett
Cal Ripken Jr,1986,340,2.25,1,Ripken
Tom Seaver,1986,390,1.25,1,Seaver
Rod Carew,1986,400,0.5,1,Carew
Rickey Henderson,1986,500,1.25,1,Henderson
Wade Boggs,1986,510,1.19,1,Boggs
Dennis Eckersley,1986,538,0.8,1,Eckersley
Reggie Jackson,1986,700,1,1,Jackson
Ozzie Smith,1986,730,0.25,1,Smith
Robin Yount,1986,780,1.05,1,Yount
Eddie Murray,1987,120,1,1,Murray
Wade Boggs,1987,150,0.75,1,Boggs
Reggie Jackson,1987,300,0.85,1,Jackson
George Brett,1987,400,0.8,1,Brett
Tom Seaver,1987,425,0.55,1,Seaver
Mike Schmidt,1987,430,0.95,1,Schmidt
Kirby Puckett,1987,450,0.95,1,Puckett
Dennis Eckersley,1987,459,0.65,1,Eckersley
Tony Gwynn,1987,530,0.85,1,Gwynn
Steve Carlton,1987,718,0.5,1,Carlton
Rickey Henderson,1987,735,0.9,1,Henderson
Paul Molitor,1987,741,0.75,1,Molitor
Ozzie Smith,1987,749,0.2,1,Smith
Nolan Ryan,1987,757,1,1,Ryan
Dave Winfield,1987,770,1,1,Winfield
Robin Yount,1987,773,0.95,1,Yount
Cal Ripken Jr,1987,784,1.73,1,Ripken
Duke Snider,1952,37,53.5,0,Snider
Robin Roberts,1952,59,10.75,0,Roberts
Yogi Berra,1952,191,456,0,Berra
Bob Lemon,1952,268,150,0,Lemon
Early Wynn,1952,277,12.5,0,Wynn
Roy Campanella,1952,314,750,0,Campanella
Hoyt Wilhelm,1952,392,500,0,Wilhelm
Eddie Mathews,1952,407,1500,0,Mathews
Roy Campanella,1953,27,125,0,Campanella
Eddie Mathews,1953,37,129,0,Mathews
Early Wynn,1953,61,50.66,0,Wynn
Yogi Berra,1953,104,65,0,Berra
Hoyt Wilhelm,1953,151,37.5,0,Wilhelm
Ralph Kiner,1953,191,24.5,0,Kiner
Whitey Ford,1953,207,129,0,Ford
Eddie Mathews,1954,30,29.01,0,Mathews
Duke Snider,1954,32,96,0,Snider
Hoyt Wilhelm,1954,36,15,0,Wilhelm
Whitey Ford,1954,37,114,0,Ford
Yogi Berra,1954,50,206,0,Berra
Harmon Killebrew,1955,124,282,0,Killebrew
Eddie Mathews,1955,155,44,0,Mathews
Yogi Berra,1955,198,100,0,Berra
Duke Snider,1955,210,200,0,Snider
Roy Campanella,1956,101,65,0,Campanella
Robin Roberts,1956,180,12.5,0,Roberts
Early Wynn,1956,187,16,0,Wynn
Whitey Ford,1956,240,77.75,0,Ford
Bob Lemon,1956,255,15,0,Lemon
Luis Aparicio,1956,292,60,0,Aparicio
Hoyt Wilhelm,1956,307,19,0,Wilhelm
Eddie Mathews,1956,107b,48,0,Mathews
Yogi Berra,1956,110b,83,0,Berra
Duke Snider,1956,150b,35.25,0,Snider
Harmon Killebrew,1956,164a,28,0,Killebrew
Yogi Berra,1957,2,200,0,Berra
Luis Aparicio,1957,7,19,0,Aparicio
Robin Roberts,1957,15,12,0,Roberts
Don Drysdale,1957,18,145,0,Drysdale
Whitey Ford,1957,25,74,0,Ford
Early Wynn,1957,40,16,0,Wynn
Bob Lemon,1957,120,10,0,Lemon
Duke Snider,1957,170,72,0,Snider
Hoyt Wilhelm,1957,203,14,0,Wilhelm
Roy Campanella,1957,210,76,0,Campanella
Eddie Mathews,1957,250,25,0,Mathews
Bob Lemon,1958,2,5,0,Lemon
Don Drysdale,1958,25,35,0,Drysdale
Luis Aparicio,1958,85,6,0,Aparicio
Duke Snider,1958,88,39.5,0,Snider
Robin Roberts,1958,90,9,0,Roberts
Early Wynn,1958,100,5.59,0,Wynn
Harmon Killebrew,1958,288,30,0,Killebrew
Whitey Ford,1958,320,34,0,Ford
Hoyt Wilhelm,1958,324,7,0,Wilhelm
Yogi Berra,1958,370,70,0,Berra
Eddie Mathews,1958,440,40,0,Mathews
Duke Snider,1959,20,12.5,0,Snider
Yogi Berra,1959,180,25,0,Berra
Early Wynn,1959,260,4,0,Wynn
Luis Aparicio,1959,310,6.38,0,Aparicio
Hoyt Wilhelm,1959,349,2.99,0,Wilhelm
Robin Roberts,1959,352,8,0,Roberts
Don Drysdale,1959,387,22.6,0,Drysdale
Whitey Ford,1959,430,36,0,Ford
Eddie Mathews,1959,450,18,0,Mathews
Harmon Killebrew,1959,515,16,0,Killebrew
Early Wynn,1960,1,7,0,Wynn
Whitey Ford,1960,35,20,0,Ford
Harmon Killebrew,1960,210,21,0,Killebrew
Luis Aparicio,1960,240,6,0,Aparicio
Robin Roberts,1960,264,6,0,Roberts
Hoyt Wilhelm,1960,395,6,0,Wilhelm
Eddie Mathews,1960,420,18,0,Mathews
Don Drysdale,1960,475,15,0,Drysdale
Yogi Berra,1960,480,40,0,Berra
Duke Snider,1960,493,20,0,Snider
Eddie Mathews,1960,558,22,0,Mathews
Robin Roberts,1961,20,2.5,0,Roberts
Harmon Killebrew,1961,80,9.9,0,Killebrew
Eddie Mathews,1961,120,12,0,Mathews
Billy Williams,1961,141,32.5,0,Williams
Whitey Ford,1961,160,20,0,Ford
Don Drysdale,1961,260,14,0,Drysdale
Juan Marichal,1961,417,45,0,Marichal
Yogi Berra,1961,425,53,0,Berra
Luis Aparicio,1961,440,5.65,0,Aparicio
Duke Snider,1961,443,11.86,0,Snider
Early Wynn,1961,455,5,0,Wynn
Hoyt Wilhelm,1961,545,34,0,Wilhelm
Eddie Mathews,1962,30,15,0,Mathews
Harmon Killebrew,1962,70,12,0,Killebrew
Gaylord Perry,1962,199,71.65,0,Perry
Robin Roberts,1962,243,9.25,0,Roberts
Billy Williams,1962,288,16.25,0,Williams
Whitey Ford,1962,310,20,0,Ford
Luis Aparicio,1962,325,9,0,Aparicio
Don Drysdale,1962,340,21,0,Drysdale
Yogi Berra,1962,360,23,0,Berra
Early Wynn,1962,385,8,0,Wynn
Duke Snider,1962,500,40,0,Snider
Juan Marichal,1962,505,12,0,Marichal
Hoyt Wilhelm,1962,545,11,0,Wilhelm
Hoyt Wilhelm,1963,108,5,0,Wilhelm
Robin Roberts,1963,125,4,0,Roberts
Gaylord Perry,1963,169,10,0,Perry
Luis Aparicio,1963,205,5,0,Aparicio
Eddie Mathews,1963,275,15,0,Mathews
Yogi Berra,1963,340,31,0,Berra
Billy Williams,1963,353,5.75,0,Williams
Don Drysdale,1963,360,21.5,0,Drysdale
Juan Marichal,1963,440,5.75,0,Marichal
Whitey Ford,1963,446,37,0,Ford
Harmon Killebrew,1963,500,95,0,Killebrew
Duke Snider,1963,550,16,0,Snider
Hoyt Wilhelm,1964,13,4.13,0,Wilhelm
Eddie Mathews,1964,35,5,0,Mathews
Don Drysdale,1964,120,6.6,0,Drysdale
Duke Snider,1964,155,19,0,Snider
Billy Williams,1964,175,6.36,0,Williams
Harmon Killebrew,1964,177,14.05,0,Killebrew
Juan Marichal,1964,280,5,0,Marichal
Robin Roberts,1964,285,4,0,Roberts
Whitey Ford,1964,380,24.94,0,Ford
Gaylord Perry,1964,468,25,0,Perry
Luis Aparicio,1964,540,7.75,0,Aparicio
Phil Niekro,1964,541,43.75,0,Niekro
Robin Roberts,1965,15,5,0,Roberts
Juan Marichal,1965,50,6.75,0,Marichal
Gaylord Perry,1965,193,6,0,Perry
Billy Williams,1965,220,4,0,Williams
Don Drysdale,1965,260,13,0,Drysdale
Hoyt Wilhelm,1965,276,3.25,0,Wilhelm
Whitey Ford,1965,330,20,0,Ford
Harmon Killebrew,1965,400,26,0,Killebrew
Luis Aparicio,1965,410,10,0,Aparicio
Phil Niekro,1965,461,26,0,Niekro
Eddie Mathews,1965,500,6,0,Mathews
Catfish Hunter,1965,526,45,0,Hunter
Tony Perez,1965,581,43,0,Perez
Phil Niekro,1966,28,4.92,0,Niekro
Catfish Hunter,1966,36,8.84,0,Hunter
Tony Perez,1966,72,15.5,0,Perez
Luis Aparicio,1966,90,1,0,Aparicio
Harmon Killebrew,1966,120,7,0,Killebrew
Whitey Ford,1966,160,17,0,Ford
Eddie Mathews,1966,200,7.91,0,Mathews
Fergie Jenkins,1966,254,20.28,0,Jenkins
Don Sutton,1966,288,20,0,Sutton
Juan Marichal,1966,420,3,0,Marichal
Don Drysdale,1966,430,15.02,0,Drysdale
Hoyt Wilhelm,1966,510,5,0,Wilhelm
Robin Roberts,1966,530,30,0,Roberts
Billy Williams,1966,580,46,0,Williams
Gaylord Perry,1966,598,160,0,Perry
Whitey Ford,1967,5,8.83,0,Ford
Don Drysdale,1967,55,11.3,0,Drysdale
Luis Aparicio,1967,60,2,0,Aparicio
Eddie Mathews,1967,166,7,0,Mathews
Billy Williams,1967,315,4,0,Williams
Gaylord Perry,1967,320,30,0,Perry
Fergie Jenkins,1967,333,17.46,0,Jenkins
Catfish Hunter,1967,369,6,0,Hunter
Hoyt Wilhelm,1967,422,5,0,Wilhelm
Don Sutton,1967,445,7.5,0,Sutton
Phil Niekro,1967,456,5.5,0,Niekro
Harmon Killebrew,1967,460,38.55,0,Killebrew
Tony Perez,1967,476,33.57,0,Perez
Juan Marichal,1967,500,18,0,Marichal
Billy Williams,1968,37,5,0,Williams
Eddie Mathews,1968,58,4.25,0,Mathews
Gaylord Perry,1968,85,2,0,Perry
Don Sutton,1968,103,2,0,Sutton
Tony Perez,1968,130,1.75,0,Perez
Don Drysdale,1968,145,4,0,Drysdale
Juan Marichal,1968,205,2,0,Marichal
Harmon Killebrew,1968,220,4,0,Killebrew
Phil Niekro,1968,257,30,0,Niekro
Luis Aparicio,1968,310,2.25,0,Aparicio
Hoyt Wilhelm,1968,350,3,0,Wilhelm
Catfish Hunter,1968,385,27,0,Hunter
Fergie Jenkins,1968,410,3.5,0,Jenkins
Luis Aparicio,1969,75,1.25,0,Aparicio
Don Sutton,1969,216,1.5,0,Sutton
Catfish Hunter,1969,235,2.5,0,Hunter
Tony Perez,1969,295,3.25,0,Perez
Phil Niekro,1969,355,5,0,Niekro
Juan Marichal,1969,370,3.5,0,Marichal
Harmon Killebrew,1969,375,6,0,Killebrew
Don Drysdale,1969,400,15,0,Drysdale
Billy Williams,1969,450,4,0,Williams
Gaylord Perry,1969,485,2.25,0,Perry
Hoyt Wilhelm,1969,565,3,0,Wilhelm
Rollie Fingers,1969,597,25,0,Fingers
Fergie Jenkins,1969,640,14,0,Jenkins
Hoyt Wilhelm,1970,17,1.5,0,Wilhelm
Harmon Killebrew,1970,150,2.5,0,Killebrew
Phil Niekro,1970,160,1,0,Niekro
Billy Williams,1970,170,3,0,Williams
Juan Marichal,1970,210,1.43,0,Marichal
Fergie Jenkins,1970,240,6.7,0,Jenkins
Luis Aparicio,1970,315,4,0,Aparicio
Tony Perez,1970,380,4.49,0,Perez
Rollie Fingers,1970,502,5,0,Fingers
Gaylord Perry,1970,560,7,0,Perry
Catfish Hunter,1970,565,9,0,Hunter
Don Sutton,1970,622,5,0,Sutton
Bert Blyleven,1971,26,4.99,0,Blyleven
Phil Niekro,1971,30,9.05,0,Niekro
Catfish Hunter,1971,45,5.5,0,Hunter
Gaylord Perry,1971,140,1.5,0,Perry
Hoyt Wilhelm,1971,248,1,0,Wilhelm
Fergie Jenkins,1971,280,2,0,Jenkins
Juan Marichal,1971,325,5,0,Marichal
Billy Williams,1971,350,1.5,0,Williams
Don Sutton,1971,361,3,0,Sutton
Rollie Fingers,1971,384,1.5,0,Fingers
Harmon Killebrew,1971,550,7.5,0,Killebrew
Tony Perez,1971,580,10,0,Perez
Luis Aparicio,1971,740,21,0,Aparicio
Harmon Killebrew,1972,51,5.04,0,Killebrew
Carlton Fisk,1972,79,13.48,0,Fisk
Tony Perez,1972,80,1.75,0,Perez
Rollie Fingers,1972,241,1.25,0,Fingers
Gaylord Perry,1972,285,2,0,Perry
Luis Aparicio,1972,313,2.5,0,Aparicio
Catfish Hunter,1972,330,3,0,Hunter
Fergie Jenkins,1972,410,2.5,0,Jenkins
Billy Williams,1972,439,3,0,Williams
Bert Blyleven,1972,515,1.5,0,Blyleven
Don Sutton,1972,530,5,0,Sutton
Juan Marichal,1972,567,6,0,Marichal
Phil Niekro,1972,620,5,0,Niekro
Hoyt Wilhelm,1972,777,18.58,0,Wilhelm
Don Sutton,1973,10,1.9,0,Sutton
Rollie Fingers,1973,84,1.36,0,Fingers
Luis Aparicio,1973,165,1,0,Aparicio
Harmon Killebrew,1973,170,2,0,Killebrew
Rich Gossage,1973,174,4,0,Gossage
Fergie Jenkins,1973,180,3.5,0,Jenkins
Carlton Fisk,1973,193,4,0,Fisk
Bert Blyleven,1973,199,1,0,Blyleven
Billy Williams,1973,200,1.25,0,Williams
Catfish Hunter,1973,235,2,0,Hunter
Tony Perez,1973,275,1.5,0,Perez
Catfish Hunter,1973,344,0.75,0,Hunter
Gaylord Perry,1973,400,1,0,Perry
Juan Marichal,1973,480,5,0,Marichal
Phil Niekro,1973,503,3,0,Niekro
Catfish Hunter,1974,7,2,0,Hunter
Phil Niekro,1974,29,1.5,0,Niekro
Gaylord Perry,1974,35,1.75,0,Perry
Luis Aparicio,1974,61,1.45,0,Aparicio
Fergie Jenkins,1974,87,1.25,0,Jenkins
Bert Blyleven,1974,98,1.03,0,Blyleven
Carlton Fisk,1974,105,9,0,Fisk
Billy Williams,1974,110,2.08,0,Williams
Rollie Fingers,1974,212,1.25,0,Fingers
Don Sutton,1974,220,1.5,0,Sutton
Tony Perez,1974,230,2.25,0,Perez
Juan Marichal,1974,330,1.5,0,Marichal
Harmon Killebrew,1974,400,3.25,0,Killebrew
Rich Gossage,1974,542,0.75,0,Gossage
Rollie Fingers,1975,21,2.65,0,Fingers
Bert Blyleven,1975,30,1.99,0,Blyleven
Fergie Jenkins,1975,60,1.27,0,Jenkins
Carlton Fisk,1975,80,6,0,Fisk
Phil Niekro,1975,130,1,0,Niekro
Don Sutton,1975,220,1,0,Sutton
Catfish Hunter,1975,230,3.15,0,Hunter
Gaylord Perry,1975,530,1,0,Perry
Billy Williams,1975,545,1.75,0,Williams
Rich Gossage,1975,554,1.25,0,Gossage
Tony Perez,1975,560,2.25,0,Perez
Jim Rice,1975,616,6,0,Rice
Gary Carter,1975,620,8,0,Carter
Harmon Killebrew,1975,640,3.5,0,Killebrew
Gaylord Perry,1976,55,1.5,0,Perry
Catfish Hunter,1976,100,2.25,0,Hunter
Rich Gossage,1976,180,1.03,0,Gossage
Bert Blyleven,1976,235,0.99,0,Blyleven
Fergie Jenkins,1976,250,2.5,0,Jenkins
Tony Perez,1976,325,1.43,0,Perez
Jim Rice,1976,340,2.75,0,Rice
Carlton Fisk,1976,365,3,0,Fisk
Rollie Fingers,1976,405,1.75,0,Fingers
Phil Niekro,1976,435,1.5,0,Niekro
Gary Carter,1976,441,2.95,0,Carter
Billy Williams,1976,525,1.55,0,Williams
Don Sutton,1976,530,2.11,0,Sutton
Jim Rice,1977,60,1.75,0,Rice
Bruce Sutter,1977,144,4,0,Sutter
Gaylord Perry,1977,152,2.5,0,Perry
Catfish Hunter,1977,280,1.5,0,Hunter
Gary Carter,1977,295,1.75,0,Carter
Rich Gossage,1977,319,0.99,0,Gossage
Fergie Jenkins,1977,430,1.7,0,Jenkins
Andre Dawson,1977,473,13.72,0,Dawson
Rollie Fingers,1977,523,2.05,0,Fingers
Phil Niekro,1977,615,1,0,Niekro
Don Sutton,1977,620,2,0,Sutton
Bert Blyleven,1977,630,0.45,0,Blyleven
Carlton Fisk,1977,640,5,0,Fisk
Tony Perez,1977,655,1.5,0,Perez
Phil Niekro,1978,10,1.75,0,Niekro
Tony Perez,1978,15,0.75,0,Perez
Rich Gossage,1978,70,0.75,0,Gossage
Andre Dawson,1978,72,7,0,Dawson
Gary Carter,1978,120,2.5,0,Carter
Bert Blyleven,1978,131,1.15,0,Blyleven
Rollie Fingers,1978,140,0.75,0,Fingers
Carlton Fisk,1978,270,2,0,Fisk
Don Sutton,1978,310,1.95,0,Sutton
Bruce Sutter,1978,325,2.48,0,Sutter
Catfish Hunter,1978,460,1,0,Hunter
Jim Rice,1978,670,1.25,0,Rice
Gaylord Perry,1978,686,1.95,0,Perry
Fergie Jenkins,1978,720,1.5,0,Jenkins
Don Sutton,1979,170,1.35,0,Sutton
Rich Gossage,1979,225,1.85,0,Gossage
Bert Blyleven,1979,308,1.23,0,Blyleven
Gaylord Perry,1979,321,2,0,Perry
Andre Dawson,1979,348,1.25,0,Dawson
Rollie Fingers,1979,390,0.75,0,Fingers
Jim Rice,1979,400,0.8,0,Rice
Bruce Sutter,1979,457,1.79,0,Sutter
Tony Perez,1979,495,2.05,0,Perez
Gary Carter,1979,520,2,0,Carter
Fergie Jenkins,1979,544,1.5,0,Jenkins
Phil Niekro,1979,595,0.65,0,Niekro
Catfish Hunter,1979,670,1,0,Hunter
Carlton Fisk,1979,680,1.7,0,Fisk
Bruce Sutter,1980,17,1.5,0,Sutter
Carlton Fisk,1980,40,2.5,0,Fisk
Gary Carter,1980,70,1.5,0,Carter
Tony Perez,1980,125,0.65,0,Perez
Rich Gossage,1980,140,0.7,0,Gossage
Jim Rice,1980,200,0.9,0,Rice
Andre Dawson,1980,235,4.25,0,Dawson
Phil Niekro,1980,245,0.73,0,Niekro
Gaylord Perry,1980,280,0.7,0,Perry
Fergie Jenkins,1980,390,0.59,0,Jenkins
Don Sutton,1980,440,0.59,0,Sutton
Bert Blyleven,1980,457,0.45,0,Blyleven
Rollie Fingers,1980,651,0.75,0,Fingers
Andre Dawson,1981,125,0.55,0,Dawson
Fergie Jenkins,1981,158,0.4,0,Jenkins
Rollie Fingers,1981,229,0.45,0,Fingers
Phil Niekro,1981,387,0.35,0,Niekro
Rich Gossage,1981,460,0.15,0,Gossage
Tim Raines,1981,479,2.99,0,Raines
Carlton Fisk,1981,480,1.5,0,Fisk
Jim Rice,1981,500,0.39,0,Rice
Bert Blyleven,1981,554,0.4,0,Blyleven
Tony Perez,1981,575,0.6,0,Perez
Gaylord Perry,1981,582,0.42,0,Perry
Bruce Sutter,1981,590,0.58,0,Sutter
Don Sutton,1981,605,0.4,0,Sutton
Gary Carter,1981,660,0.75,0,Carter
Tim Raines,1982,70,0.45,0,Raines
Carlton Fisk,1982,110,0.25,0,Fisk
Gaylord Perry,1982,115,0.3,0,Perry
Phil Niekro,1982,185,0.4,0,Niekro
Tony Perez,1982,255,0.32,0,Perez
Bruce Sutter,1982,260,0.47,0,Sutter
Don Sutton,1982,305,0.35,0,Sutton
Andre Dawson,1982,540,0.38,0,Dawson
Rollie Fingers,1982,585,0.5,0,Fingers
Fergie Jenkins,1982,624,0.38,0,Jenkins
Bert Blyleven,1982,685,0.36,0,Blyleven
Gary Carter,1982,730,1.05,0,Carter
Jim Rice,1982,750,0.25,0,Rice
Rich Gossage,1982,770,0.25,0,Gossage
Carlton Fisk,1983,20,0.45,0,Fisk
Jim Rice,1983,30,0.75,0,Rice
Rollie Fingers,1983,35,0.15,0,Fingers
Ryne Sandberg,1983,83,6,0,Sandberg
Don Sutton,1983,145,0.3,0,Sutton
Bruce Sutter,1983,150,0.44,0,Sutter
Fergie Jenkins,1983,230,0.3,0,Jenkins
Rich Gossage,1983,240,0.3,0,Gossage
Bert Blyleven,1983,280,0.3,0,Blyleven
Gary Carter,1983,370,0.3,0,Carter
Phil Niekro,1983,410,0.5,0,Niekro
Gaylord Perry,1983,463,0.3,0,Perry
Tim Raines,1983,595,0.85,0,Raines
Andre Dawson,1983,680,0.7,0,Dawson
Tony Perez,1983,715,1.09,0,Perez
Don Sutton,1984,35,0.25,0,Sutton
Andre Dawson,1984,200,0.85,0,Dawson
Tim Raines,1984,370,0.75,0,Raines
Tony Perez,1984,385,0.4,0,Perez
Gary Carter,1984,450,1.08,0,Carter
Fergie Jenkins,1984,483,0.7,0,Jenkins
Rollie Fingers,1984,495,0.25,0,Fingers
Jim Rice,1984,550,0.7,0,Rice
Carlton Fisk,1984,560,0.75,0,Fisk
Ryne Sandberg,1984,596,3,0,Sandberg
Phil Niekro,1984,650,0.3,0,Niekro
Rich Gossage,1984,670,0.25,0,Gossage
Bruce Sutter,1984,730,0.22,0,Sutter
Bert Blyleven,1984,789,0.25,0,Blyleven
Phil Niekro,1985,40,0.75,0,Niekro
Rich Gossage,1985,90,0.7,0,Gossage
Jim Rice,1985,150,0.85,0,Rice
Gary Carter,1985,230,0.85,0,Carter
Bert Blyleven,1985,355,0.17,0,Blyleven
Bruce Sutter,1985,370,0.35,0,Sutter
Andre Dawson,1985,420,0.75,0,Dawson
Ryne Sandberg,1985,460,1.25,0,Sandberg
Tim Raines,1985,630,0.75,0,Raines
Tony Perez,1985,675,0.4,0,Perez
Don Sutton,1985,729,0.23,0,Sutton
Rollie Fingers,1985,750,0.45,0,Fingers
Carlton Fisk,1985,770,1,0,Fisk
Tony Perez,1986,85,0.4,0,Perez
Gary Carter,1986,170,0.85,0,Carter
Rollie Fingers,1986,185,0.4,0,Fingers
Tim Raines,1986,280,0.75,0,Raines
Carlton Fisk,1986,290,0.75,0,Fisk
Jim Rice,1986,320,0.45,0,Rice
Don Sutton,1986,335,0.15,0,Sutton
Bert Blyleven,1986,445,0.35,0,Blyleven
Rich Gossage,1986,530,0.35,0,Gossage
Bruce Sutter,1986,620,0.45,0,Sutter
Ryne Sandberg,1986,690,1.1,0,Sandberg
Andre Dawson,1986,760,0.7,0,Dawson
Phil Niekro,1986,790,0.35,0,Niekro
Gary Carter,1987,20,0.7,0,Carter
Bert Blyleven,1987,25,0.06,0,Blyleven
Tim Raines,1987,30,0.75,0,Raines
Andre Dawson,1987,345,0.7,0,Dawson
Rich Gossage,1987,380,0.5,0,Gossage
Bruce Sutter,1987,435,0.1,0,Sutter
Jim Rice,1987,480,0.55,0,Rice
Barry Larkin,1987,648,2.5,0,Larkin
Don Sutton,1987,673,0.52,0,Sutton
Ryne Sandberg,1987,680,0.15,0,Sandberg
Phil Niekro,1987,694,0.7,0,Niekro
Carlton Fisk,1987,756,0.99,0,Fisk
Phil Rizzuto,1952,11,46,0,Rizzuto
Enos Slaughter,1952,65,47,0,Slaughter
Red Schoendienst,1952,91,65,0,Schoendienst
Johnny Mize,1952,129,80,0,Mize
Richie Ashburn,1952,216,167,0,Ashburn
Larry Doby,1952,243,62,0,Doby
George Kell,1952,246,58,0,Kell
Pee Wee Reese,1952,333,250,0,Reese
Enos Slaughter,1953,41,18,0,Slaughter
Pee Wee Reese,1953,76,65,0,Reese
Johnny Mize,1953,77,40,0,Mize
Red Schoendienst,1953,78,45,0,Schoendienst
Phil Rizzuto,1953,114,94.5,0,Rizzuto
George Kell,1953,138,40,0,Kell
Hal Newhouser,1953,228,116,0,Newhouser
Phil Rizzuto,1954,17,61,0,Rizzuto
Richie Ashburn,1954,45,46,0,Ashburn
Larry Doby,1954,70,22,0,Doby
Hal Newhouser,1955,24,6,0,Newhouser
Phil Rizzuto,1955,189,103,0,Rizzuto
Enos Slaughter,1956,109,15,0,Slaughter
George Kell,1956,195,13.25,0,Kell
Larry Doby,1956,250,14.5,0,Doby
Pee Wee Reese,1956,260,81,0,Reese
Phil Rizzuto,1956,113b,70,0,Rizzuto
Nellie Fox,1956,118b,23,0,Fox
Richie Ashburn,1956,120b,33,0,Ashburn
Red Schoendienst,1956,165b,18,0,Schoendienst
Bill Mazeroski,1957,24,55,0,Mazeroski
Pee Wee Reese,1957,30,56,0,Reese
Nellie Fox,1957,38,32.06,0,Fox
Richie Ashburn,1957,70,10,0,Ashburn
Larry Doby,1957,85,10.75,0,Doby
Red Schoendienst,1957,154,9.5,0,Schoendienst
Enos Slaughter,1957,215,8,0,Slaughter
George Kell,1957,230,7,0,Kell
Jim Bunning,1957,338,90,0,Bunning
George Kell,1958,40,7.5,0,Kell
Jim Bunning,1958,115,4,0,Bunning
Enos Slaughter,1958,142,12,0,Slaughter
Red Schoendienst,1958,190,8.25,0,Schoendienst
Richie Ashburn,1958,230,9,0,Ashburn
Bill Mazeroski,1958,238,10,0,Mazeroski
Orlando Cepeda,1958,343,25,0,Cepeda
Pee Wee Reese,1958,375,22.5,0,Reese
Nellie Fox,1958,400,16.95,0,Fox
Larry Doby,1958,424,7,0,Doby
Nellie Fox,1959,30,10.8,0,Fox
Jim Bunning,1959,149,6,0,Bunning
Enos Slaughter,1959,155,4,0,Slaughter
Richie Ashburn,1959,300,15,0,Ashburn
Orlando Cepeda,1959,390,10,0,Cepeda
Bill Mazeroski,1959,415,3,0,Mazeroski
Larry Doby,1959,455,5,0,Doby
Red Schoendienst,1959,480,4.5,0,Schoendienst
Bill Mazeroski,1960,55,6,0,Mazeroski
Nellie Fox,1960,100,4.5,0,Fox
Richie Ashburn,1960,305,8,0,Ashburn
Red Schoendienst,1960,335,4.37,0,Schoendienst
Orlando Cepeda,1960,450,10,0,Cepeda
Jim Bunning,1960,502,16,0,Bunning
Nellie Fox,1961,30,5,0,Fox
Ron Santo,1961,35,12,0,Santo
Richie Ashburn,1961,88,6,0,Ashburn
Bill Mazeroski,1961,430,11,0,Mazeroski
Orlando Cepeda,1961,435,9,0,Cepeda
Jim Bunning,1961,490,7,0,Bunning
Red Schoendienst,1961,505,5,0,Schoendienst
Orlando Cepeda,1962,40,8.25,0,Cepeda
Nellie Fox,1962,73,5,0,Fox
Ron Santo,1962,170,7.5,0,Santo
Richie Ashburn,1962,213,10,0,Ashburn
Bill Mazeroski,1962,353,7,0,Mazeroski
Jim Bunning,1962,460,15,0,Bunning
Red Schoendienst,1962,575,32,0,Schoendienst
Richie Ashburn,1963,135,8,0,Ashburn
Ron Santo,1963,252,10,0,Santo
Bill Mazeroski,1963,323,8,0,Mazeroski
Jim Bunning,1963,365,10,0,Bunning
Orlando Cepeda,1963,520,19,0,Cepeda
Nellie Fox,1963,525,20,0,Fox
Pete Rose,1963,537,475,0,Rose
Pete Rose,1964,125,149.99,0,Rose
Nellie Fox,1964,205,2.5,0,Fox
Jim Bunning,1964,265,3.5,0,Bunning
Ron Santo,1964,375,6.5,0,Santo
Orlando Cepeda,1964,390,6,0,Cepeda
Bill Mazeroski,1964,570,16,0,Mazeroski
Jim Bunning,1965,20,3,0,Bunning
Bill Mazeroski,1965,95,2.5,0,Mazeroski
Ron Santo,1965,110,4,0,Santo
Pete Rose,1965,207,39.99,0,Rose
Orlando Cepeda,1965,360,8,0,Cepeda
Nellie Fox,1965,485,3,0,Fox
Pete Rose,1966,30,15.5,0,Rose
Orlando Cepeda,1966,132,2.5,0,Cepeda
Bill Mazeroski,1966,210,2.5,0,Mazeroski
Ron Santo,1966,290,5,0,Santo
Jim Bunning,1966,435,7.94,0,Bunning
Orlando Cepeda,1967,20,10,0,Cepeda
Ron Santo,1967,70,3.13,0,Santo
Pete Rose,1967,430,20.5,0,Rose
Bill Mazeroski,1967,510,15,0,Mazeroski
Jim Bunning,1967,560,56,0,Bunning
Orlando Cepeda,1968,200,3,0,Cepeda
Jim Bunning,1968,215,1.25,0,Bunning
Pete Rose,1968,230,24,0,Rose
Ron Santo,1968,235,1.5,0,Santo
Bill Mazeroski,1968,390,2.5,0,Mazeroski
Pete Rose,1969,120,15.5,0,Rose
Jim Bunning,1969,175,2.5,0,Bunning
Bill Mazeroski,1969,335,4,0,Mazeroski
Orlando Cepeda,1969,385,1.75,0,Cepeda
Ron Santo,1969,570,5,0,Santo
Jim Bunning,1970,403,2,0,Bunning
Bill Mazeroski,1970,440,1.5,0,Mazeroski
Orlando Cepeda,1970,555,10,0,Cepeda
Pete Rose,1970,580,42,0,Rose
Ron Santo,1970,670,10.17,0,Santo
Pete Rose,1971,100,9,0,Rose
Bill Mazeroski,1971,110,1.25,0,Mazeroski
Ted Simmons,1971,117,5,0,Simmons
Ron Santo,1971,220,2,0,Santo
Steve Garvey,1971,341,7.5,0,Garvey
Jim Bunning,1971,574,2.25,0,Bunning
Orlando Cepeda,1971,605,2,0,Cepeda
Ted Simmons,1972,154,1,0,Simmons
Orlando Cepeda,1972,195,4,0,Cepeda
Ron Santo,1972,555,4.84,0,Santo
Pete Rose,1972,559,14.99,0,Rose
Steve Garvey,1972,686,23.49,0,Garvey
Bill Mazeroski,1972,760,16,0,Mazeroski
Ted Simmons,1973,85,0.9,0,Simmons
Ron Santo,1973,115,0.75,0,Santo
Pete Rose,1973,130,29,0,Rose
Steve Garvey,1973,213,2.5,0,Garvey
Orlando Cepeda,1973,545,3.25,0,Cepeda
Dwight Evans,1973,614,14,0,Evans
Orlando Cepeda,1974,83,1.5,0,Cepeda
Dave Parker,1974,252,8,0,Parker
Ted Simmons,1974,260,1.25,0,Simmons
Ron Santo,1974,270,1.43,0,Santo
Pete Rose,1974,300,15,0,Rose
Dwight Evans,1974,351,1.5,0,Evans
Steve Garvey,1974,575,1.5,0,Garvey
Dave Parker,1975,29,2.25,0,Parker
Ron Santo,1975,35,0.6,0,Santo
Ted Simmons,1975,75,1,0,Simmons
Steve Garvey,1975,140,2.5,0,Garvey
Dwight Evans,1975,255,1.2,0,Evans
Pete Rose,1975,320,14.99,0,Rose
Steve Garvey,1976,150,2,0,Garvey
Dave Parker,1976,185,0.75,0,Parker
Pete Rose,1976,240,8,0,Rose
Ted Simmons,1976,290,0.79,0,Simmons
Dwight Evans,1976,575,0.79,0,Evans
Dwight Evans,1977,25,1.55,0,Evans
Dave Parker,1977,270,1.1,0,Parker
Steve Garvey,1977,400,1.25,0,Garvey
Pete Rose,1977,450,10,0,Rose
Ted Simmons,1977,470,0.43,0,Simmons
Dale Murphy,1977,476,10,0,Murphy
Pete Rose,1978,20,4,0,Rose
Steve Garvey,1978,350,2,0,Garvey
Ted Simmons,1978,380,2.03,0,Simmons
Dave Parker,1978,560,1.25,0,Parker
Dwight Evans,1978,695,2.12,0,Evans
Jack Morris,1978,703,7,0,Morris
Alan Trammell,1978,707,31,0,Trammell
Dale Murphy,1978,708,1.5,0,Murphy
Dale Murphy,1979,39,3,0,Murphy
Steve Garvey,1979,50,1.25,0,Garvey
Dwight Evans,1979,155,1.5,0,Evans
Jack Morris,1979,251,1.75,0,Morris
Alan Trammell,1979,358,1.75,0,Trammell
Dave Parker,1979,430,0.3,0,Parker
Ted Simmons,1979,510,0.73,0,Simmons
Pete Rose,1979,650,6,0,Rose
Ted Simmons,1980,85,0.55,0,Simmons
Alan Trammell,1980,232,1.2,0,Trammell
Dale Murphy,1980,274,2.24,0,Murphy
Steve Garvey,1980,290,0.9,0,Garvey
Dave Parker,1980,310,0.52,0,Parker
Jack Morris,1980,371,0.65,0,Morris
Dwight Evans,1980,405,1.05,0,Evans
Pete Rose,1980,540,2.49,0,Rose
Pete Rose,1981,180,0.99,0,Rose
Dwight Evans,1981,275,0.9,0,Evans
Harold Baines,1981,347,3.5,0,Baines
Dale Murphy,1981,504,0.75,0,Murphy
Steve Garvey,1981,530,0.6,0,Garvey
Jack Morris,1981,572,0.6,0,Morris
Dave Parker,1981,640,0.4,0,Parker
Ted Simmons,1981,705,0.33,0,Simmons
Alan Trammell,1981,709,0.4,0,Trammell
Dave Parker,1982,40,0.29,0,Parker
Ted Simmons,1982,150,0.35,0,Simmons
Steve Garvey,1982,179,0.35,0,Garvey
Dwight Evans,1982,355,0.78,0,Evans
Jack Morris,1982,450,0.35,0,Morris
Lee Smith,1982,452,3.65,0,Smith
Alan Trammell,1982,475,0.3,0,Trammell
Dale Murphy,1982,668,0.4,0,Murphy
Harold Baines,1982,684,0.35,0,Baines
Pete Rose,1982,780,4,0,Rose
Jack Morris,1983,65,0.8,0,Morris
Alan Trammell,1983,95,0.35,0,Trammell
Pete Rose,1983,100,4.5,0,Rose
Dwight Evans,1983,135,0.79,0,Evans
Harold Baines,1983,177,0.3,0,Baines
Dave Parker,1983,205,0.33,0,Parker
Ted Simmons,1983,450,0.3,0,Simmons
Steve Garvey,1983,610,0.4,0,Garvey
Lee Smith,1983,699,0.75,0,Smith
Dale Murphy,1983,760,0.45,0,Murphy
Don Mattingly,1984,8,30,0,Mattingly
Julio Franco,1984,48,1.5,0,Franco
Dale Murphy,1984,150,0.65,0,Murphy
Lee Smith,1984,176,0.95,0,Smith
Darryl Strawberry,1984,182,2.83,0,Strawberry
Jack Morris,1984,195,0.65,0,Morris
Pete Rose,1984,300,2.25,0,Rose
Steve Garvey,1984,380,0.24,0,Garvey
Harold Baines,1984,434,0.85,0,Baines
Alan Trammell,1984,510,0.85,0,Trammell
Ted Simmons,1984,630,0.3,0,Simmons
Dwight Evans,1984,720,0.9,0,Evans
Dave Parker,1984,775,0.5,0,Parker
Dave Parker,1985,175,0.45,0,Parker
Roger Clemens,1985,181,15,0,Clemens
Julio Franco,1985,237,0.75,0,Franco
Harold Baines,1985,249,0.85,0,Baines
Ted Simmons,1985,318,0.25,0,Simmons
Dale Murphy,1985,320,0.4,0,Murphy
Mark McGwire,1985,401,19,0,McGwire
Steve Garvey,1985,450,0.25,0,Garvey
Lee Smith,1985,511,0.75,0,Smith
Darryl Strawberry,1985,570,0.95,0,Strawberry
Dwight Evans,1985,580,0.73,0,Evans
Pete Rose,1985,600,2,0,Rose
Jack Morris,1985,610,0.75,0,Morris
Dwight Gooden,1985,620,0.75,0,Gooden
Eric Davis,1985,627,2,0,Davis
Don Mattingly,1985,665,5,0,Mattingly
Alan Trammell,1985,690,0.75,0,Trammell
Joe Carter,1985,694,1,0,Carter
Pete Rose,1986,1,2,0,Rose
Eric Davis,1986,28,1,0,Davis
Dwight Evans,1986,60,0.85,0,Evans
Darryl Strawberry,1986,80,0.55,0,Strawberry
Alan Trammell,1986,130,0.75,0,Trammell
Don Mattingly,1986,180,1.25,0,Mattingly
Ted Simmons,1986,237,0.15,0,Simmons
Dwight Gooden,1986,250,0.7,0,Gooden
Jack Morris,1986,270,0.5,0,Morris
Lee Smith,1986,355,0.75,0,Smith
Vince Coleman,1986,370,1,0,Coleman
Joe Carter,1986,377,0.8,0,Carter
Cecil Fielder,1986,386,2,0,Fielder
Julio Franco,1986,391,0.5,0,Franco
Dave Parker,1986,595,0.35,0,Parker
Dale Murphy,1986,600,0.35,0,Murphy
Steve Garvey,1986,660,0.27,0,Garvey
Roger Clemens,1986,661,1.5,0,Clemens
Harold Baines,1986,755,0.85,0,Baines
Lee Smith,1987,23,0.75,0,Smith
Steve Garvey,1987,100,0.1,0,Garvey
Dwight Gooden,1987,130,0.45,0,Gooden
Julio Franco,1987,160,0.65,0,Franco
Bo Jackson,1987,170,2.25,0,Jackson
Cecil Fielder,1987,178,0.65,0,Fielder
Bobby Bonilla,1987,184,0.85,0,Bonilla
Pete Rose,1987,200,0.7,0,Rose
Joe Carter,1987,220,0.6,0,Carter
Barry Bonds,1987,320,10.5,0,Bonds
Roger Clemens,1987,340,1.5,0,Clemens
Mark McGwire,1987,366,2.99,0,McGwire
Eric Davis,1987,412,0.5,0,Davis
Will Clark,1987,420,1.35,0,Clark
Darryl Strawberry,1987,460,0.04,0,Strawberry
Dale Murphy,1987,490,0.4,0,Murphy
Don Mattingly,1987,500,0.75,0,Mattingly
Ted Simmons,1987,516,0.1,0,Simmons
Vince Coleman,1987,590,0.05,0,Coleman
Jose Canseco,1987,620,1.5,0,Canseco
Rafael Palmeiro,1987,634,1.55,0,Palmeiro
Dwight Evans,1987,645,0.13,0,Evans
Kevin Mitchell,1987,653,1,0,Mitchell
Alan Trammell,1987,687,0.7,0,Trammell
Dave Parker,1987,691,0.5,0,Parker
Harold Baines,1987,772,0.7,0,Baines
Jack Morris,1987,778,0.5,0,Morris
