year,team,wins,losses
1952,New York Yankees,95,59
1952,Cleveland Indians,93,61
1952,Chicago White Sox,81,73
1952,Philadelphia Athletics,79,75
1952,Washington Senators,78,76
1952,Boston Red Sox,76,78
1952,St. Louis Browns,64,90
1952,Detroit Tigers,50,104
1952,Brooklyn Dodgers,96,57
1952,New York Giants,92,62
1952,St. Louis Cardinals,88,66
1952,Philadelphia Phillies,87,67
1952,Chicago Cubs,77,77
1952,Cincinnati Reds,69,85
1952,Boston Braves,64,89
1952,Pittsburgh Pirates,42,112
1953,New York Yankees,99,52
1953,Cleveland Indians,92,62
1953,Chicago White Sox,89,65
1953,Boston Red Sox,84,69
1953,Washington Senators,76,76
1953,Detroit Tigers,60,94
1953,Philadelphia Athletics,59,95
1953,St. Louis Browns,54,100
1953,Brooklyn Dodgers,105,49
1953,Milwaukee Braves,92,62
1953,Philadelphia Phillies,83,71
1953,St. Louis Cardinals,83,71
1953,New York Giants,70,84
1953,Cincinnati Reds,68,86
1953,Chicago Cubs,65,89
1953,Pittsburgh Pirates,50,104
1954,Cleveland Indians,111,43
1954,New York Yankees,103,51
1954,Chicago White Sox,94,60
1954,Boston Red Sox,69,85
1954,Detroit Tigers,68,86
1954,Washington Senators,66,88
1954,Baltimore Orioles,54,100
1954,Philadelphia Athletics,51,103
1954,New York Giants,97,57
1954,Brooklyn Dodgers,92,62
1954,Milwaukee Braves,89,65
1954,Philadelphia Phillies,75,79
1954,Cincinnati Redlegs,74,80
1954,St. Louis Cardinals,72,82
1954,Chicago Cubs,64,90
1954,Pittsburgh Pirates,53,101
1955,New York Yankees,96,58
1955,Cleveland Indians,93,61
1955,Chicago White Sox,91,63
1955,Boston Red Sox,84,70
1955,Detroit Tigers,79,75
1955,Kansas City Athletics,63,91
1955,Baltimore Orioles,57,97
1955,Washington Senators,53,101
1955,Brooklyn Dodgers,98,55
1955,Milwaukee Braves,85,69
1955,New York Giants,80,74
1955,Philadelphia Phillies,77,77
1955,Cincinnati Redlegs,75,79
1955,Chicago Cubs,72,81
1955,St. Louis Cardinals,68,86
1955,Pittsburgh Pirates,60,94
1956,New York Yankees,97,57
1956,Cleveland Indians,88,66
1956,Chicago White Sox,85,69
1956,Boston Red Sox,84,70
1956,Detroit Tigers,82,72
1956,Baltimore Orioles,69,85
1956,Washington Senators,59,95
1956,Kansas City Athletics,52,102
1956,Brooklyn Dodgers,93,61
1956,Milwaukee Braves,92,62
1956,Cincinnati Redlegs,91,63
1956,St. Louis Cardinals,76,78
1956,Philadelphia Phillies,71,83
1956,New York Giants,67,87
1956,Pittsburgh Pirates,66,88
1956,Chicago Cubs,60,94
1957,New York Yankees,98,56
1957,Chicago White Sox,90,64
1957,Boston Red Sox,82,72
1957,Detroit Tigers,78,76
1957,Baltimore Orioles,76,76
1957,Cleveland Indians,76,77
1957,Kansas City Athletics,59,94
1957,Washington Senators,55,99
1957,Milwaukee Braves,95,59
1957,St. Louis Cardinals,87,67
1957,Brooklyn Dodgers,84,70
1957,Cincinnati Redlegs,80,74
1957,Philadelphia Phillies,77,77
1957,New York Giants,69,85
1957,Chicago Cubs,62,92
1957,Pittsburgh Pirates,62,92
1958,New York Yankees,92,62
1958,Chicago White Sox,82,72
1958,Boston Red Sox,79,75
1958,Cleveland Indians,77,76
1958,Detroit Tigers,77,77
1958,Baltimore Orioles,74,79
1958,Kansas City Athletics,73,81
1958,Washington Senators,61,93
1958,Milwaukee Braves,92,62
1958,Pittsburgh Pirates,84,70
1958,San Francisco Giants,80,74
1958,Cincinnati Redlegs,76,78
1958,Chicago Cubs,72,82
1958,St. Louis Cardinals,72,82
1958,Los Angeles Dodgers,71,83
1958,Philadelphia Phillies,69,85
1959,Chicago White Sox,94,60
1959,Cleveland Indians,89,65
1959,New York Yankees,79,75
1959,Detroit Tigers,76,78
1959,Boston Red Sox,75,79
1959,Baltimore Orioles,74,80
1959,Kansas City Athletics,66,88
1959,Washington Senators,63,91
1959,Los Angeles Dodgers,88,68
1959,Milwaukee Braves,86,70
1959,San Francisco Giants,83,71
1959,Pittsburgh Pirates,78,76
1959,Chicago Cubs,74,80
1959,Cincinnati Reds,74,80
1959,St. Louis Cardinals,71,83
1959,Philadelphia Phillies,64,90
1960,New York Yankees,97,57
1960,Baltimore Orioles,89,65
1960,Chicago White Sox,87,67
1960,Cleveland Indians,76,78
1960,Washington Senators,73,81
1960,Detroit Tigers,71,83
1960,Boston Red Sox,65,89
1960,Kansas City Athletics,58,96
1960,Pittsburgh Pirates,95,59
1960,Milwaukee Braves,88,66
1960,St. Louis Cardinals,86,68
1960,Los Angeles Dodgers,82,72
1960,San Francisco Giants,79,75
1960,Cincinnati Reds,67,87
1960,Chicago Cubs,60,94
1960,Philadelphia Phillies,59,95
1961,New York Yankees,109,53
1961,Detroit Tigers,101,61
1961,Baltimore Orioles,95,67
1961,Chicago White Sox,86,76
1961,Cleveland Indians,78,83
1961,Boston Red Sox,76,86
1961,Minnesota Twins,70,90
1961,Los Angeles Angels,70,91
1961,Kansas City Athletics,61,100
1961,Washington Senators,61,100
1961,Cincinnati Reds,93,61
1961,Los Angeles Dodgers,89,65
1961,San Francisco Giants,85,69
1961,Milwaukee Braves,83,71
1961,St. Louis Cardinals,80,74
1961,Pittsburgh Pirates,75,79
1961,Chicago Cubs,64,90
1961,Philadelphia Phillies,47,107
1962,New York Yankees,96,66
1962,Minnesota Twins,91,71
1962,Los Angeles Angels,86,76
1962,Detroit Tigers,85,76
1962,Chicago White Sox,85,77
1962,Cleveland Indians,80,82
1962,Baltimore Orioles,77,85
1962,Boston Red Sox,76,84
1962,Kansas City Athletics,72,90
1962,Washington Senators,60,101
1962,San Francisco Giants,103,62
1962,Los Angeles Dodgers,102,63
1962,Cincinnati Reds,98,64
1962,Pittsburgh Pirates,93,68
1962,Milwaukee Braves,86,76
1962,St. Louis Cardinals,84,78
1962,Philadelphia Phillies,81,80
1962,Houston Colt .45s,64,96
1962,Chicago Cubs,59,103
1962,New York Mets,40,120
1963,New York Yankees,104,57
1963,Chicago White Sox,94,68
1963,Minnesota Twins,91,70
1963,Baltimore Orioles,86,76
1963,Cleveland Indians,79,83
1963,Detroit Tigers,79,83
1963,Boston Red Sox,76,85
1963,Kansas City Athletics,73,89
1963,Los Angeles Angels,70,91
1963,Washington Senators,56,106
1963,Los Angeles Dodgers,99,63
1963,St. Louis Cardinals,93,69
1963,San Francisco Giants,88,74
1963,Philadelphia Phillies,87,75
1963,Cincinnati Reds,86,76
1963,Milwaukee Braves,84,78
1963,Chicago Cubs,82,80
1963,Pittsburgh Pirates,74,88
1963,Houston Colt .45s,66,96
1963,New York Mets,51,111
1964,New York Yankees,99,63
1964,Chicago White Sox,98,64
1964,Baltimore Orioles,97,65
1964,Detroit Tigers,85,77
1964,Los Angeles Angels,82,80
1964,Cleveland Indians,79,83
1964,Minnesota Twins,79,83
1964,Boston Red Sox,72,90
1964,Washington Senators,62,100
1964,Kansas City Athletics,57,105
1964,St. Louis Cardinals,93,69
1964,Cincinnati Reds,92,70
1964,Philadelphia Phillies,92,70
1964,San Francisco Giants,90,72
1964,Milwaukee Braves,88,74
1964,Los Angeles Dodgers,80,82
1964,Pittsburgh Pirates,80,82
1964,Chicago Cubs,76,86
1964,Houston Colt .45s,66,96
1964,New York Mets,53,109
1965,Minnesota Twins,102,60
1965,Chicago White Sox,95,67
1965,Baltimore Orioles,94,68
1965,Detroit Tigers,89,73
1965,Cleveland Indians,87,75
1965,New York Yankees,77,85
1965,California Angels,75,87
1965,Washington Senators,70,92
1965,Boston Red Sox,62,100
1965,Kansas City Athletics,59,103
1965,Los Angeles Dodgers,97,65
1965,San Francisco Giants,95,67
1965,Pittsburgh Pirates,90,72
1965,Cincinnati Reds,89,73
1965,Milwaukee Braves,86,76
1965,Philadelphia Phillies,85,76
1965,St. Louis Cardinals,80,81
1965,Chicago Cubs,72,90
1965,Houston Astros,65,97
1965,New York Mets,50,112
1966,Baltimore Orioles,97,63
1966,Minnesota Twins,89,73
1966,Detroit Tigers,88,74
1966,Chicago White Sox,83,79
1966,Cleveland Indians,81,81
1966,California Angels,80,82
1966,Kansas City Athletics,74,86
1966,Washington Senators,71,88
1966,Boston Red Sox,72,90
1966,New York Yankees,70,89
1966,Los Angeles Dodgers,95,67
1966,San Francisco Giants,93,68
1966,Pittsburgh Pirates,92,70
1966,Philadelphia Phillies,87,75
1966,Atlanta Braves,85,77
1966,St. Louis Cardinals,83,79
1966,Cincinnati Reds,76,84
1966,Houston Astros,72,90
1966,New York Mets,66,95
1966,Chicago Cubs,59,103
1967,Boston Red Sox,92,70
1967,Detroit Tigers,91,71
1967,Minnesota Twins,91,71
1967,Chicago White Sox,89,73
1967,California Angels,84,77
1967,Baltimore Orioles,76,85
1967,Washington Senators,76,85
1967,Cleveland Indians,75,87
1967,New York Yankees,72,90
1967,Kansas City Athletics,62,99
1967,St. Louis Cardinals,101,60
1967,San Francisco Giants,91,71
1967,Chicago Cubs,87,74
1967,Cincinnati Reds,87,75
1967,Philadelphia Phillies,82,80
1967,Pittsburgh Pirates,81,81
1967,Atlanta Braves,77,85
1967,Los Angeles Dodgers,73,89
1967,Houston Astros,69,93
1967,New York Mets,61,101
1968,Detroit Tigers,103,59
1968,Baltimore Orioles,91,71
1968,Cleveland Indians,86,75
1968,Boston Red Sox,86,76
1968,New York Yankees,83,79
1968,Oakland Athletics,82,80
1968,Minnesota Twins,79,83
1968,California Angels,67,95
1968,Chicago White Sox,67,95
1968,Washington Senators,65,96
1968,St. Louis Cardinals,97,65
1968,San Francisco Giants,88,74
1968,Chicago Cubs,84,78
1968,Cincinnati Reds,83,79
1968,Atlanta Braves,81,81
1968,Pittsburgh Pirates,80,82
1968,Los Angeles Dodgers,76,86
1968,Philadelphia Phillies,76,86
1968,New York Mets,73,89
1968,Houston Astros,72,90
1969,Baltimore Orioles,109,53
1969,Detroit Tigers,90,72
1969,Boston Red Sox,87,75
1969,Washington Senators,86,76
1969,New York Yankees,80,81
1969,Cleveland Indians,62,99
1969,Minnesota Twins,97,65
1969,Oakland Athletics,88,74
1969,California Angels,71,91
1969,Kansas City Royals,69,93
1969,Chicago White Sox,68,94
1969,Seattle Pilots,64,98
1969,New York Mets,100,62
1969,Chicago Cubs,92,70
1969,Pittsburgh Pirates,88,74
1969,St. Louis Cardinals,87,75
1969,Philadelphia Phillies,63,99
1969,Montreal Expos,52,110
1969,Atlanta Braves,93,69
1969,San Francisco Giants,90,72
1969,Cincinnati Reds,89,73
1969,Los Angeles Dodgers,85,77
1969,Houston Astros,81,81
1969,San Diego Padres,52,110
1970,Baltimore Orioles,108,54
1970,New York Yankees,93,69
1970,Boston Red Sox,87,75
1970,Detroit Tigers,79,83
1970,Cleveland Indians,76,86
1970,Washington Senators,70,92
1970,Minnesota Twins,98,64
1970,Oakland Athletics,89,73
1970,California Angels,86,76
1970,Kansas City Royals,65,97
1970,Milwaukee Brewers,65,97
1970,Chicago White Sox,56,106
1970,Pittsburgh Pirates,89,73
1970,Chicago Cubs,84,78
1970,New York Mets,83,79
1970,St. Louis Cardinals,76,86
1970,Philadelphia Phillies,73,88
1970,Montreal Expos,73,89
1970,Cincinnati Reds,102,60
1970,Los Angeles Dodgers,87,74
1970,San Francisco Giants,86,76
1970,Houston Astros,79,83
1970,Atlanta Braves,76,86
1970,San Diego Padres,63,99
1971,Baltimore Orioles,101,57
1971,Detroit Tigers,91,71
1971,Boston Red Sox,85,77
1971,New York Yankees,82,80
1971,Washington Senators,63,96
1971,Cleveland Indians,60,102
1971,Oakland Athletics,101,60
1971,Kansas City Royals,85,76
1971,Chicago White Sox,79,83
1971,California Angels,76,86
1971,Minnesota Twins,74,86
1971,Milwaukee Brewers,69,92
1971,Pittsburgh Pirates,97,65
1971,St. Louis Cardinals,90,72
1971,Chicago Cubs,83,79
1971,New York Mets,83,79
1971,Montreal Expos,71,90
1971,Philadelphia Phillies,67,95
1971,San Francisco Giants,90,72
1971,Los Angeles Dodgers,89,73
1971,Atlanta Braves,82,80
1971,Cincinnati Reds,79,83
1971,Houston Astros,79,83
1971,San Diego Padres,61,100
1972,Detroit Tigers,86,70
1972,Boston Red Sox,85,70
1972,Baltimore Orioles,80,74
1972,New York Yankees,79,76
1972,Cleveland Indians,72,84
1972,Milwaukee Brewers,65,91
1972,Oakland Athletics,93,62
1972,Chicago White Sox,87,67
1972,Minnesota Twins,77,77
1972,Kansas City Royals,76,78
1972,California Angels,75,80
1972,Texas Rangers,54,100
1972,Pittsburgh Pirates,96,59
1972,Chicago Cubs,85,70
1972,New York Mets,83,73
1972,St. Louis Cardinals,75,81
1972,Montreal Expos,70,86
1972,Philadelphia Phillies,59,97
1972,Cincinnati Reds,95,59
1972,Los Angeles Dodgers,85,70
1972,Houston Astros,84,69
1972,Atlanta Braves,70,84
1972,San Francisco Giants,69,86
1972,San Diego Padres,58,95
1973,Baltimore Orioles,97,65
1973,Boston Red Sox,89,73
1973,Detroit Tigers,85,77
1973,New York Yankees,80,82
1973,Milwaukee Brewers,74,88
1973,Cleveland Indians,71,91
1973,Oakland Athletics,94,68
1973,Kansas City Royals,88,74
1973,Minnesota Twins,81,81
1973,California Angels,79,83
1973,Chicago White Sox,77,85
1973,Texas Rangers,57,105
1973,New York Mets,82,79
1973,St. Louis Cardinals,81,81
1973,Pittsburgh Pirates,80,82
1973,Montreal Expos,79,83
1973,Chicago Cubs,77,84
1973,Philadelphia Phillies,71,91
1973,Cincinnati Reds,99,63
1973,Los Angeles Dodgers,95,66
1973,San Francisco Giants,88,74
1973,Houston Astros,82,80
1973,Atlanta Braves,76,85
1973,San Diego Padres,60,102
1974,Baltimore Orioles,91,71
1974,New York Yankees,89,73
1974,Boston Red Sox,84,78
1974,Cleveland Indians,77,85
1974,Milwaukee Brewers,76,86
1974,Detroit Tigers,72,90
1974,Oakland Athletics,90,72
1974,Texas Rangers,84,76
1974,Minnesota Twins,82,80
1974,Chicago White Sox,80,80
1974,Kansas City Royals,77,85
1974,California Angels,68,94
1974,Pittsburgh Pirates,88,74
1974,St. Louis Cardinals,86,75
1974,Philadelphia Phillies,80,82
1974,Montreal Expos,79,82
1974,New York Mets,71,91
1974,Chicago Cubs,66,96
1974,Los Angeles Dodgers,102,60
1974,Cincinnati Reds,98,64
1974,Atlanta Braves,88,74
1974,Houston Astros,81,81
1974,San Francisco Giants,72,90
1974,San Diego Padres,60,102
1975,Boston Red Sox,95,65
1975,Baltimore Orioles,90,69
1975,New York Yankees,83,77
1975,Cleveland Indians,79,80
1975,Milwaukee Brewers,68,94
1975,Detroit Tigers,57,102
1975,Oakland Athletics,98,64
1975,Kansas City Royals,91,71
1975,Texas Rangers,79,83
1975,Minnesota Twins,76,83
1975,Chicago White Sox,75,86
1975,California Angels,72,89
1975,Pittsburgh Pirates,92,69
1975,Philadelphia Phillies,86,76
1975,New York Mets,82,80
1975,St. Louis Cardinals,82,80
1975,Chicago Cubs,75,87
1975,Montreal Expos,75,87
1975,Cincinnati Reds,108,54
1975,Los Angeles Dodgers,88,74
1975,San Francisco Giants,80,81
1975,San Diego Padres,71,91
1975,Atlanta Braves,67,94
1975,Houston Astros,64,97
1976,New York Yankees,97,62
1976,Baltimore Orioles,88,74
1976,Boston Red Sox,83,79
1976,Cleveland Indians,81,78
1976,Detroit Tigers,74,87
1976,Milwaukee Brewers,66,95
1976,Kansas City Royals,90,72
1976,Oakland Athletics,87,74
1976,Minnesota Twins,85,77
1976,California Angels,76,86
1976,Texas Rangers,76,86
1976,Chicago White Sox,64,97
1976,Philadelphia Phillies,101,61
1976,Pittsburgh Pirates,92,70
1976,New York Mets,86,76
1976,Chicago Cubs,75,87
1976,St. Louis Cardinals,72,90
1976,Montreal Expos,55,107
1976,Cincinnati Reds,102,60
1976,Los Angeles Dodgers,92,70
1976,Houston Astros,80,82
1976,San Francisco Giants,74,88
1976,San Diego Padres,73,89
1976,Atlanta Braves,70,92
1977,New York Yankees,100,62
1977,Baltimore Orioles,97,64
1977,Boston Red Sox,97,64
1977,Detroit Tigers,74,88
1977,Cleveland Indians,71,90
1977,Milwaukee Brewers,67,95
1977,Toronto Blue Jays,54,107
1977,Kansas City Royals,102,60
1977,Texas Rangers,94,68
1977,Chicago White Sox,90,72
1977,Minnesota Twins,84,77
1977,California Angels,74,88
1977,Seattle Mariners,64,98
1977,Oakland Athletics,63,98
1977,Philadelphia Phillies,101,61
1977,Pittsburgh Pirates,96,66
1977,St. Louis Cardinals,83,79
1977,Chicago Cubs,81,81
1977,Montreal Expos,75,87
1977,New York Mets,64,98
1977,Los Angeles Dodgers,98,64
1977,Cincinnati Reds,88,74
1977,Houston Astros,81,81
1977,San Francisco Giants,75,87
1977,San Diego Padres,69,93
1977,Atlanta Braves,61,101
1978,New York Yankees,100,63
1978,Boston Red Sox,99,64
1978,Milwaukee Brewers,93,69
1978,Baltimore Orioles,90,71
1978,Detroit Tigers,86,76
1978,Cleveland Indians,69,90
1978,Toronto Blue Jays,59,102
1978,Kansas City Royals,92,70
1978,California Angels,87,75
1978,Texas Rangers,87,75
1978,Minnesota Twins,73,89
1978,Chicago White Sox,71,90
1978,Oakland Athletics,69,93
1978,Seattle Mariners,56,104
1978,Philadelphia Phillies,90,72
1978,Pittsburgh Pirates,88,73
1978,Chicago Cubs,79,83
1978,Montreal Expos,76,86
1978,St. Louis Cardinals,69,93
1978,New York Mets,66,96
1978,Los Angeles Dodgers,95,67
1978,Cincinnati Reds,92,69
1978,San Francisco Giants,89,73
1978,San Diego Padres,84,78
1978,Houston Astros,74,88
1978,Atlanta Braves,69,93
1979,Baltimore Orioles,102,57
1979,Milwaukee Brewers,95,66
1979,Boston Red Sox,91,69
1979,New York Yankees,89,71
1979,Detroit Tigers,85,76
1979,Cleveland Indians,81,80
1979,Toronto Blue Jays,53,109
1979,California Angels,88,74
1979,Kansas City Royals,85,77
1979,Texas Rangers,83,79
1979,Minnesota Twins,82,80
1979,Chicago White Sox,73,87
1979,Seattle Mariners,67,95
1979,Oakland Athletics,54,108
1979,Pittsburgh Pirates,98,64
1979,Montreal Expos,95,65
1979,St. Louis Cardinals,86,76
1979,Philadelphia Phillies,84,78
1979,Chicago Cubs,80,82
1979,New York Mets,63,99
1979,Cincinnati Reds,90,71
1979,Houston Astros,89,73
1979,Los Angeles Dodgers,79,83
1979,San Francisco Giants,71,91
1979,San Diego Padres,68,93
1979,Atlanta Braves,66,94
1980,New York Yankees,103,59
1980,Baltimore Orioles,100,62
1980,Milwaukee Brewers,86,76
1980,Detroit Tigers,84,78
1980,Boston Red Sox,83,77
1980,Cleveland Indians,79,81
1980,Toronto Blue Jays,67,95
1980,Kansas City Royals,97,65
1980,Oakland Athletics,83,79
1980,Minnesota Twins,77,84
1980,Texas Rangers,76,85
1980,Chicago White Sox,70,90
1980,California Angels,65,95
1980,Seattle Mariners,59,103
1980,Philadelphia Phillies,91,71
1980,Montreal Expos,90,72
1980,Pittsburgh Pirates,83,79
1980,St. Louis Cardinals,74,88
1980,New York Mets,67,95
1980,Chicago Cubs,64,98
1980,Houston Astros,93,70
1980,Los Angeles Dodgers,92,71
1980,Cincinnati Reds,89,73
1980,Atlanta Braves,81,80
1980,San Francisco Giants,75,86
1980,San Diego Padres,73,89
1981,Milwaukee Brewers,62,47
1981,Baltimore Orioles,59,46
1981,Detroit Tigers,60,49
1981,New York Yankees,59,48
1981,Boston Red Sox,59,49
1981,Cleveland Indians,52,51
1981,Toronto Blue Jays,37,69
1981,Oakland Athletics,64,45
1981,Texas Rangers,57,48
1981,Chicago White Sox,54,52
1981,Kansas City Royals,50,53
1981,California Angels,51,59
1981,Seattle Mariners,44,65
1981,Minnesota Twins,41,68
1981,St. Louis Cardinals,59,43
1981,Montreal Expos,60,48
1981,Philadelphia Phillies,59,48
1981,Pittsburgh Pirates,46,56
1981,New York Mets,41,62
1981,Chicago Cubs,38,65
1981,Cincinnati Reds,66,42
1981,Los Angeles Dodgers,63,47
1981,Houston Astros,61,49
1981,San Francisco Giants,56,55
1981,Atlanta Braves,50,56
1981,San Diego Padres,41,69
1982,Milwaukee Brewers,95,67
1982,Baltimore Orioles,94,68
1982,Boston Red Sox,89,73
1982,Detroit Tigers,83,79
1982,New York Yankees,79,83
1982,Cleveland Indians,78,84
1982,Toronto Blue Jays,78,84
1982,California Angels,93,69
1982,Kansas City Royals,90,72
1982,Chicago White Sox,87,75
1982,Seattle Mariners,76,86
1982,Oakland Athletics,68,94
1982,Texas Rangers,64,98
1982,Minnesota Twins,60,102
1982,St. Louis Cardinals,92,70
1982,Philadelphia Phillies,89,73
1982,Montreal Expos,86,76
1982,Pittsburgh Pirates,84,78
1982,Chicago Cubs,73,89
1982,New York Mets,65,97
1982,Atlanta Braves,89,73
1982,Los Angeles Dodgers,88,74
1982,San Francisco Giants,87,75
1982,San Diego Padres,81,81
1982,Houston Astros,77,85
1982,Cincinnati Reds,61,101
1983,Baltimore Orioles,98,64
1983,Detroit Tigers,92,70
1983,New York Yankees,91,71
1983,Toronto Blue Jays,89,73
1983,Milwaukee Brewers,87,75
1983,Boston Red Sox,78,84
1983,Cleveland Indians,70,92
1983,Chicago White Sox,99,63
1983,Kansas City Royals,79,83
1983,Texas Rangers,77,85
1983,Oakland Athletics,74,88
1983,California Angels,70,92
1983,Minnesota Twins,70,92
1983,Seattle Mariners,60,102
1983,Philadelphia Phillies,90,72
1983,Pittsburgh Pirates,84,78
1983,Montreal Expos,82,80
1983,St. Louis Cardinals,79,83
1983,Chicago Cubs,71,91
1983,New York Mets,68,94
1983,Los Angeles Dodgers,91,71
1983,Atlanta Braves,88,74
1983,Houston Astros,85,77
1983,San Diego Padres,81,81
1983,San Francisco Giants,79,83
1983,Cincinnati Reds,74,88
1984,Detroit Tigers,104,58
1984,Toronto Blue Jays,89,73
1984,New York Yankees,87,75
1984,Boston Red Sox,86,76
1984,Baltimore Orioles,85,77
1984,Cleveland Indians,75,87
1984,Milwaukee Brewers,67,94
1984,Kansas City Royals,84,78
1984,California Angels,81,81
1984,Minnesota Twins,81,81
1984,Oakland Athletics,77,85
1984,Chicago White Sox,74,88
1984,Seattle Mariners,74,88
1984,Texas Rangers,69,92
1984,Chicago Cubs,96,65
1984,New York Mets,90,72
1984,St. Louis Cardinals,84,78
1984,Philadelphia Phillies,81,81
1984,Montreal Expos,78,83
1984,Pittsburgh Pirates,75,87
1984,San Diego Padres,92,70
1984,Atlanta Braves,80,82
1984,Houston Astros,80,82
1984,Los Angeles Dodgers,79,83
1984,Cincinnati Reds,70,92
1984,San Francisco Giants,66,96
1985,Toronto Blue Jays,99,62
1985,New York Yankees,97,64
1985,Detroit Tigers,84,77
1985,Baltimore Orioles,83,78
1985,Boston Red Sox,81,81
1985,Milwaukee Brewers,71,90
1985,Cleveland Indians,60,102
1985,Kansas City Royals,91,71
1985,California Angels,90,72
1985,Chicago White Sox,85,77
1985,Minnesota Twins,77,85
1985,Oakland Athletics,77,85
1985,Seattle Mariners,74,88
1985,Texas Rangers,62,99
1985,St. Louis Cardinals,101,61
1985,New York Mets,98,64
1985,Montreal Expos,84,77
1985,Chicago Cubs,77,84
1985,Philadelphia Phillies,75,87
1985,Pittsburgh Pirates,57,104
1985,Los Angeles Dodgers,95,67
1985,Cincinnati Reds,89,72
1985,Houston Astros,83,79
1985,San Diego Padres,83,79
1985,Atlanta Braves,66,96
1985,San Francisco Giants,62,100
1986,Boston Red Sox,95,66
1986,New York Yankees,90,72
1986,Detroit Tigers,87,75
1986,Toronto Blue Jays,86,76
1986,Cleveland Indians,84,78
1986,Milwaukee Brewers,77,84
1986,Baltimore Orioles,73,89
1986,California Angels,92,70
1986,Texas Rangers,87,75
1986,Kansas City Royals,76,86
1986,Oakland Athletics,76,86
1986,Chicago White Sox,72,90
1986,Minnesota Twins,71,91
1986,Seattle Mariners,67,95
1986,New York Mets,108,54
1986,Philadelphia Phillies,86,75
1986,St. Louis Cardinals,79,82
1986,Montreal Expos,78,83
1986,Chicago Cubs,70,90
1986,Pittsburgh Pirates,64,98
1986,Houston Astros,96,66
1986,Cincinnati Reds,86,76
1986,San Francisco Giants,83,79
1986,San Diego Padres,74,88
1986,Los Angeles Dodgers,73,89
1986,Atlanta Braves,72,89
1987,Detroit Tigers,98,64
1987,Toronto Blue Jays,96,66
1987,Milwaukee Brewers,91,71
1987,New York Yankees,89,73
1987,Boston Red Sox,78,84
1987,Baltimore Orioles,67,95
1987,Cleveland Indians,61,101
1987,Minnesota Twins,85,77
1987,Kansas City Royals,83,79
1987,Oakland Athletics,81,81
1987,Seattle Mariners,78,84
1987,Chicago White Sox,77,85
1987,California Angels,75,87
1987,Texas Rangers,75,87
1987,St. Louis Cardinals,95,67
1987,New York Mets,92,70
1987,Montreal Expos,91,71
1987,Philadelphia Phillies,80,82
1987,Pittsburgh Pirates,80,82
1987,Chicago Cubs,76,85
1987,San Francisco Giants,90,72
1987,Cincinnati Reds,84,78
1987,Houston Astros,76,86
1987,Los Angeles Dodgers,73,89
1987,Atlanta Braves,69,92
1987,San Diego Padres,65,97
1988,Boston Red Sox,89,73
1988,Detroit Tigers,88,74
1988,Milwaukee Brewers,87,75
1988,Toronto Blue Jays,87,75
1988,New York Yankees,85,76
1988,Cleveland Indians,78,84
1988,Baltimore Orioles,54,107
1988,Oakland Athletics,104,58
1988,Minnesota Twins,91,71
1988,Kansas City Royals,84,77
1988,California Angels,75,87
1988,Chicago White Sox,71,90
1988,Texas Rangers,70,91
1988,Seattle Mariners,68,93
1988,New York Mets,100,60
1988,Pittsburgh Pirates,85,75
1988,Montreal Expos,81,81
1988,Chicago Cubs,77,85
1988,St. Louis Cardinals,76,86
1988,Philadelphia Phillies,65,96
1988,Los Angeles Dodgers,94,67
1988,Cincinnati Reds,87,74
1988,San Diego Padres,83,78
1988,San Francisco Giants,83,79
1988,Houston Astros,82,80
1988,Atlanta Braves,54,106
1989,Toronto Blue Jays,89,73
1989,Baltimore Orioles,87,75
1989,Boston Red Sox,83,79
1989,Milwaukee Brewers,81,81
1989,New York Yankees,74,87
1989,Cleveland Indians,73,89
1989,Detroit Tigers,59,103
1989,Oakland Athletics,99,63
1989,Kansas City Royals,92,70
1989,California Angels,91,71
1989,Texas Rangers,83,79
1989,Minnesota Twins,80,82
1989,Seattle Mariners,73,89
1989,Chicago White Sox,69,92
1989,Chicago Cubs,93,69
1989,New York Mets,87,75
1989,St. Louis Cardinals,86,76
1989,Montreal Expos,81,81
1989,Pittsburgh Pirates,74,88
1989,Philadelphia Phillies,67,95
1989,San Francisco Giants,92,70
1989,San Diego Padres,89,73
1989,Houston Astros,86,76
1989,Los Angeles Dodgers,77,83
1989,Cincinnati Reds,75,87
1989,Atlanta Braves,63,97
1990,Boston Red Sox,88,74
1990,Toronto Blue Jays,86,76
1990,Detroit Tigers,79,83
1990,Cleveland Indians,77,85
1990,Baltimore Orioles,76,85
1990,Milwaukee Brewers,74,88
1990,New York Yankees,67,95
1990,Oakland Athletics,103,59
1990,Chicago White Sox,94,68
1990,Texas Rangers,83,79
1990,California Angels,80,82
1990,Seattle Mariners,77,85
1990,Kansas City Royals,75,86
1990,Minnesota Twins,74,88
1990,Pittsburgh Pirates,95,67
1990,New York Mets,91,71
1990,Montreal Expos,85,77
1990,Chicago Cubs,77,85
1990,Philadelphia Phillies,77,85
1990,St. Louis Cardinals,70,92
1990,Cincinnati Reds,91,71
1990,Los Angeles Dodgers,86,76
1990,San Francisco Giants,85,77
1990,Houston Astros,75,87
1990,San Diego Padres,75,87
1990,Atlanta Braves,65,97
1991,Toronto Blue Jays,91,71
1991,Boston Red Sox,84,78
1991,Detroit Tigers,84,78
1991,Milwaukee Brewers,83,79
1991,New York Yankees,71,91
1991,Baltimore Orioles,67,95
1991,Cleveland Indians,57,105
1991,Minnesota Twins,95,67
1991,Chicago White Sox,87,75
1991,Texas Rangers,85,77
1991,Oakland Athletics,84,78
1991,Seattle Mariners,83,79
1991,Kansas City Royals,82,80
1991,California Angels,81,81
1991,Pittsburgh Pirates,98,64
1991,St. Louis Cardinals,84,78
1991,Philadelphia Phillies,78,84
1991,Chicago Cubs,77,83
1991,New York Mets,77,84
1991,Montreal Expos,71,90
1991,Atlanta Braves,94,68
1991,Los Angeles Dodgers,93,69
1991,San Diego Padres,84,78
1991,San Francisco Giants,75,87
1991,Cincinnati Reds,74,88
1991,Houston Astros,65,97
1992,Toronto Blue Jays,96,66
1992,Milwaukee Brewers,92,70
1992,Baltimore Orioles,89,73
1992,Cleveland Indians,76,86
1992,New York Yankees,76,86
1992,Detroit Tigers,75,87
1992,Boston Red Sox,73,89
1992,Oakland Athletics,96,66
1992,Minnesota Twins,90,72
1992,Chicago White Sox,86,76
1992,Texas Rangers,77,85
1992,California Angels,72,90
1992,Kansas City Royals,72,90
1992,Seattle Mariners,64,98
1992,Pittsburgh Pirates,96,66
1992,Montreal Expos,87,75
1992,St. Louis Cardinals,83,79
1992,Chicago Cubs,78,84
1992,New York Mets,72,90
1992,Philadelphia Phillies,70,92
1992,Atlanta Braves,98,64
1992,Cincinnati Reds,90,72
1992,San Diego Padres,82,80
1992,Houston Astros,81,81
1992,San Francisco Giants,72,90
1992,Los Angeles Dodgers,63,99
1993,Toronto Blue Jays,95,67
1993,New York Yankees,88,74
1993,Baltimore Orioles,85,77
1993,Detroit Tigers,85,77
1993,Boston Red Sox,80,82
1993,Cleveland Indians,76,86
1993,Milwaukee Brewers,69,93
1993,Chicago White Sox,94,68
1993,Texas Rangers,86,76
1993,Kansas City Royals,84,78
1993,Seattle Mariners,82,80
1993,California Angels,71,91
1993,Minnesota Twins,71,91
1993,Oakland Athletics,68,94
1993,Philadelphia Phillies,97,65
1993,Montreal Expos,94,68
1993,St. Louis Cardinals,87,75
1993,Chicago Cubs,84,78
1993,Pittsburgh Pirates,75,87
1993,Florida Marlins,64,98
1993,New York Mets,59,103
1993,Atlanta Braves,104,58
1993,San Francisco Giants,103,59
1993,Houston Astros,85,77
1993,Los Angeles Dodgers,81,81
1993,Cincinnati Reds,73,89
1993,Colorado Rockies,67,95
1993,San Diego Padres,61,101
1994,New York Yankees,70,43
1994,Baltimore Orioles,63,49
1994,Toronto Blue Jays,55,60
1994,Boston Red Sox,54,61
1994,Detroit Tigers,53,62
1994,Chicago White Sox,67,46
1994,Cleveland Indians,66,47
1994,Kansas City Royals,64,51
1994,Minnesota Twins,53,60
1994,Milwaukee Brewers,53,62
1994,Texas Rangers,52,62
1994,Oakland Athletics,51,63
1994,Seattle Mariners,49,63
1994,California Angels,47,68
1994,Montreal Expos,74,40
1994,Atlanta Braves,68,46
1994,New York Mets,55,58
1994,Philadelphia Phillies,54,61
1994,Florida Marlins,51,64
1994,Cincinnati Reds,66,48
1994,Houston Astros,66,49
1994,Pittsburgh Pirates,53,61
1994,St. Louis Cardinals,53,61
1994,Chicago Cubs,49,64
1994,Los Angeles Dodgers,58,56
1994,San Francisco Giants,55,60
1994,Colorado Rockies,53,64
1994,San Diego Padres,47,70
1995,Boston Red Sox,86,58
1995,New York Yankees,79,65
1995,Baltimore Orioles,71,73
1995,Detroit Tigers,60,84
1995,Toronto Blue Jays,56,88
1995,Cleveland Indians,100,44
1995,Kansas City Royals,70,74
1995,Chicago White Sox,68,76
1995,Milwaukee Brewers,65,79
1995,Minnesota Twins,56,88
1995,Seattle Mariners,79,66
1995,California Angels,78,67
1995,Texas Rangers,74,70
1995,Oakland Athletics,67,77
1995,Atlanta Braves,90,54
1995,New York Mets,69,75
1995,Philadelphia Phillies,69,75
1995,Florida Marlins,67,76
1995,Montreal Expos,66,78
1995,Cincinnati Reds,85,59
1995,Houston Astros,76,68
1995,Chicago Cubs,73,71
1995,St. Louis Cardinals,62,81
1995,Pittsburgh Pirates,58,86
1995,Los Angeles Dodgers,78,66
1995,Colorado Rockies,77,67
1995,San Diego Padres,70,74
1995,San Francisco Giants,67,77
1996,New York Yankees,92,70
1996,Baltimore Orioles,88,74
1996,Boston Red Sox,85,77
1996,Toronto Blue Jays,74,88
1996,Detroit Tigers,53,109
1996,Cleveland Indians,99,62
1996,Chicago White Sox,85,77
1996,Milwaukee Brewers,80,82
1996,Minnesota Twins,78,84
1996,Kansas City Royals,75,86
1996,Texas Rangers,90,72
1996,Seattle Mariners,85,76
1996,Oakland Athletics,78,84
1996,California Angels,70,91
1996,Atlanta Braves,96,66
1996,Montreal Expos,88,74
1996,Florida Marlins,80,82
1996,New York Mets,71,91
1996,Philadelphia Phillies,67,95
1996,St. Louis Cardinals,88,74
1996,Houston Astros,82,80
1996,Cincinnati Reds,81,81
1996,Chicago Cubs,76,86
1996,Pittsburgh Pirates,73,89
1996,San Diego Padres,91,71
1996,Los Angeles Dodgers,90,72
1996,Colorado Rockies,83,79
1996,San Francisco Giants,68,94
1997,Baltimore Orioles,98,64
1997,New York Yankees,96,66
1997,Detroit Tigers,79,83
1997,Boston Red Sox,78,84
1997,Toronto Blue Jays,76,86
1997,Cleveland Indians,86,75
1997,Chicago White Sox,80,81
1997,Milwaukee Brewers,78,83
1997,Minnesota Twins,68,94
1997,Kansas City Royals,67,94
1997,Seattle Mariners,90,72
1997,Anaheim Angels,84,78
1997,Texas Rangers,77,85
1997,Oakland Athletics,65,97
1997,Atlanta Braves,101,61
1997,Florida Marlins,92,70
1997,New York Mets,88,74
1997,Montreal Expos,78,84
1997,Philadelphia Phillies,68,94
1997,Houston Astros,84,78
1997,Pittsburgh Pirates,79,83
1997,Cincinnati Reds,76,86
1997,St. Louis Cardinals,73,89
1997,Chicago Cubs,68,94
1997,San Francisco Giants,90,72
1997,Los Angeles Dodgers,88,74
1997,Colorado Rockies,83,79
1997,San Diego Padres,76,86
1998,New York Yankees,114,48
1998,Boston Red Sox,92,70
1998,Toronto Blue Jays,88,74
1998,Baltimore Orioles,79,83
1998,Tampa Bay Devil Rays,63,99
1998,Cleveland Indians,89,73
1998,Chicago White Sox,80,82
1998,Kansas City Royals,72,89
1998,Minnesota Twins,70,92
1998,Detroit Tigers,65,97
1998,Texas Rangers,88,74
1998,Anaheim Angels,85,77
1998,Seattle Mariners,76,85
1998,Oakland Athletics,74,88
1998,Atlanta Braves,106,56
1998,New York Mets,88,74
1998,Philadelphia Phillies,75,87
1998,Montreal Expos,65,97
1998,Florida Marlins,54,108
1998,Houston Astros,102,60
1998,Chicago Cubs,90,73
1998,St. Louis Cardinals,83,79
1998,Cincinnati Reds,77,85
1998,Milwaukee Brewers,74,88
1998,Pittsburgh Pirates,69,93
1998,San Diego Padres,98,64
1998,San Francisco Giants,89,74
1998,Los Angeles Dodgers,83,79
1998,Colorado Rockies,77,85
1998,Arizona Diamondbacks,65,97
1999,New York Yankees,98,64
1999,Boston Red Sox,94,68
1999,Toronto Blue Jays,84,78
1999,Baltimore Orioles,78,84
1999,Tampa Bay Devil Rays,69,93
1999,Cleveland Indians,97,65
1999,Chicago White Sox,75,86
1999,Detroit Tigers,69,92
1999,Kansas City Royals,64,97
1999,Minnesota Twins,63,97
1999,Texas Rangers,95,67
1999,Oakland Athletics,87,75
1999,Seattle Mariners,79,83
1999,Anaheim Angels,70,92
1999,Atlanta Braves,103,59
1999,New York Mets,97,66
1999,Philadelphia Phillies,77,85
1999,Montreal Expos,68,94
1999,Florida Marlins,64,98
1999,Houston Astros,97,65
1999,Cincinnati Reds,96,67
1999,Pittsburgh Pirates,78,83
1999,St. Louis Cardinals,75,86
1999,Milwaukee Brewers,74,87
1999,Chicago Cubs,67,95
1999,Arizona Diamondbacks,100,62
1999,San Francisco Giants,86,76
1999,Los Angeles Dodgers,77,85
1999,San Diego Padres,74,88
1999,Colorado Rockies,72,90
2000,New York Yankees,87,74
2000,Boston Red Sox,85,77
2000,Toronto Blue Jays,83,79
2000,Baltimore Orioles,74,88
2000,Tampa Bay Devil Rays,69,92
2000,Chicago White Sox,95,67
2000,Cleveland Indians,90,72
2000,Detroit Tigers,79,83
2000,Kansas City Royals,77,85
2000,Minnesota Twins,69,93
2000,Oakland Athletics,91,70
2000,Seattle Mariners,91,71
2000,Anaheim Angels,82,80
2000,Texas Rangers,71,91
2000,Atlanta Braves,95,67
2000,New York Mets,94,68
2000,Florida Marlins,79,82
2000,Montreal Expos,67,95
2000,Philadelphia Phillies,65,97
2000,St. Louis Cardinals,95,67
2000,Cincinnati Reds,85,77
2000,Milwaukee Brewers,73,89
2000,Houston Astros,72,90
2000,Pittsburgh Pirates,69,93
2000,Chicago Cubs,65,97
2000,San Francisco Giants,97,65
2000,Los Angeles Dodgers,86,76
2000,Arizona Diamondbacks,85,77
2000,Colorado Rockies,82,80
2000,San Diego Padres,76,86
2001,New York Yankees,95,65
2001,Boston Red Sox,82,79
2001,Toronto Blue Jays,80,82
2001,Baltimore Orioles,63,98
2001,Tampa Bay Devil Rays,62,100
2001,Cleveland Indians,91,71
2001,Minnesota Twins,85,77
2001,Chicago White Sox,83,79
2001,Detroit Tigers,66,96
2001,Kansas City Royals,65,97
2001,Seattle Mariners,116,46
2001,Oakland Athletics,102,60
2001,Anaheim Angels,75,87
2001,Texas Rangers,73,89
2001,Atlanta Braves,88,74
2001,Philadelphia Phillies,86,76
2001,New York Mets,82,80
2001,Florida Marlins,76,86
2001,Montreal Expos,68,94
2001,Houston Astros,93,69
2001,St. Louis Cardinals,93,69
2001,Chicago Cubs,88,74
2001,Milwaukee Brewers,68,94
2001,Cincinnati Reds,66,96
2001,Pittsburgh Pirates,62,100
2001,Arizona Diamondbacks,92,70
2001,San Francisco Giants,90,72
2001,Los Angeles Dodgers,86,76
2001,San Diego Padres,79,83
2001,Colorado Rockies,73,89
2002,New York Yankees,103,58
2002,Boston Red Sox,93,69
2002,Toronto Blue Jays,78,84
2002,Baltimore Orioles,67,95
2002,Tampa Bay Devil Rays,55,106
2002,Minnesota Twins,94,67
2002,Chicago White Sox,81,81
2002,Cleveland Indians,74,88
2002,Kansas City Royals,62,100
2002,Detroit Tigers,55,106
2002,Oakland Athletics,103,59
2002,Anaheim Angels,99,63
2002,Seattle Mariners,93,69
2002,Texas Rangers,72,90
2002,Atlanta Braves,101,59
2002,Montreal Expos,83,79
2002,Philadelphia Phillies,80,81
2002,Florida Marlins,79,83
2002,New York Mets,75,86
2002,St. Louis Cardinals,97,65
2002,Houston Astros,84,78
2002,Cincinnati Reds,78,84
2002,Pittsburgh Pirates,72,89
2002,Chicago Cubs,67,95
2002,Milwaukee Brewers,56,106
2002,Arizona Diamondbacks,98,64
2002,San Francisco Giants,95,66
2002,Los Angeles Dodgers,92,70
2002,Colorado Rockies,73,89
2002,San Diego Padres,66,96
2003,New York Yankees,101,61
2003,Boston Red Sox,95,67
2003,Toronto Blue Jays,86,76
2003,Baltimore Orioles,71,91
2003,Tampa Bay Devil Rays,63,99
2003,Minnesota Twins,90,72
2003,Chicago White Sox,86,76
2003,Kansas City Royals,83,79
2003,Cleveland Indians,68,94
2003,Detroit Tigers,43,119
2003,Oakland Athletics,96,66
2003,Seattle Mariners,93,69
2003,Anaheim Angels,77,85
2003,Texas Rangers,71,91
2003,Atlanta Braves,101,61
2003,Florida Marlins,91,71
2003,Philadelphia Phillies,86,76
2003,Montreal Expos,83,79
2003,New York Mets,66,95
2003,Chicago Cubs,88,74
2003,Houston Astros,87,75
2003,St. Louis Cardinals,85,77
2003,Pittsburgh Pirates,75,87
2003,Cincinnati Reds,69,93
2003,Milwaukee Brewers,68,94
2003,San Francisco Giants,100,61
2003,Los Angeles Dodgers,85,77
2003,Arizona Diamondbacks,84,78
2003,Colorado Rockies,74,88
2003,San Diego Padres,64,98
2004,New York Yankees,101,61
2004,Boston Red Sox,98,64
2004,Baltimore Orioles,78,84
2004,Tampa Bay Devil Rays,70,91
2004,Toronto Blue Jays,67,94
2004,Minnesota Twins,92,70
2004,Chicago White Sox,83,79
2004,Cleveland Indians,80,82
2004,Detroit Tigers,72,90
2004,Kansas City Royals,58,104
2004,Anaheim Angels,92,70
2004,Oakland Athletics,91,71
2004,Texas Rangers,89,73
2004,Seattle Mariners,63,99
2004,Atlanta Braves,96,66
2004,Philadelphia Phillies,86,76
2004,Florida Marlins,83,79
2004,New York Mets,71,91
2004,Montreal Expos,67,95
2004,St. Louis Cardinals,105,57
2004,Houston Astros,92,70
2004,Chicago Cubs,89,73
2004,Cincinnati Reds,76,86
2004,Pittsburgh Pirates,72,89
2004,Milwaukee Brewers,67,94
2004,Los Angeles Dodgers,93,69
2004,San Francisco Giants,91,71
2004,San Diego Padres,87,75
2004,Colorado Rockies,68,94
2004,Arizona Diamondbacks,51,111
2005,New York Yankees,95,67
2005,Boston Red Sox,95,67
2005,Toronto Blue Jays,80,82
2005,Baltimore Orioles,74,88
2005,Tampa Bay Devil Rays,67,95
2005,Chicago White Sox,99,63
2005,Cleveland Indians,93,69
2005,Minnesota Twins,83,79
2005,Detroit Tigers,71,91
2005,Kansas City Royals,56,106
2005,Los Angeles Angels of Anaheim,95,67
2005,Oakland Athletics,88,74
2005,Texas Rangers,79,83
2005,Seattle Mariners,69,93
2005,Atlanta Braves,90,72
2005,Philadelphia Phillies,88,74
2005,Florida Marlins,83,79
2005,New York Mets,83,79
2005,Washington Nationals,81,81
2005,St. Louis Cardinals,100,62
2005,Houston Astros,89,73
2005,Milwaukee Brewers,81,81
2005,Chicago Cubs,79,83
2005,Cincinnati Reds,73,89
2005,Pittsburgh Pirates,67,95
2005,San Diego Padres,82,80
2005,Arizona Diamondbacks,77,85
2005,San Francisco Giants,75,87
2005,Los Angeles Dodgers,71,91
2005,Colorado Rockies,67,95
2006,New York Yankees,97,65
2006,Toronto Blue Jays,87,75
2006,Boston Red Sox,86,76
2006,Baltimore Orioles,70,92
2006,Tampa Bay Devil Rays,61,101
2006,Minnesota Twins,96,66
2006,Detroit Tigers,95,67
2006,Chicago White Sox,90,72
2006,Cleveland Indians,78,84
2006,Kansas City Royals,62,100
2006,Oakland Athletics,93,69
2006,Los Angeles Angels of Anaheim,89,73
2006,Texas Rangers,80,82
2006,Seattle Mariners,78,84
2006,New York Mets,97,65
2006,Philadelphia Phillies,85,77
2006,Atlanta Braves,79,83
2006,Florida Marlins,78,84
2006,Washington Nationals,71,91
2006,St. Louis Cardinals,83,78
2006,Houston Astros,82,80
2006,Cincinnati Reds,80,82
2006,Milwaukee Brewers,75,87
2006,Pittsburgh Pirates,67,95
2006,Chicago Cubs,66,96
2006,San Diego Padres,88,74
2006,Los Angeles Dodgers,88,74
2006,San Francisco Giants,76,85
2006,Arizona Diamondbacks,76,86
2006,Colorado Rockies,76,86
2007,Boston Red Sox,96,66
2007,New York Yankees,94,68
2007,Toronto Blue Jays,83,79
2007,Baltimore Orioles,69,93
2007,Tampa Bay Devil Rays,66,96
2007,Cleveland Indians,96,66
2007,Detroit Tigers,88,74
2007,Minnesota Twins,79,83
2007,Chicago White Sox,72,90
2007,Kansas City Royals,69,93
2007,Los Angeles Angels of Anaheim,94,68
2007,Seattle Mariners,88,74
2007,Oakland Athletics,76,86
2007,Texas Rangers,75,87
2007,Philadelphia Phillies,89,73
2007,New York Mets,88,74
2007,Atlanta Braves,84,78
2007,Washington Nationals,73,89
2007,Florida Marlins,71,91
2007,Chicago Cubs,85,77
2007,Milwaukee Brewers,83,79
2007,St. Louis Cardinals,78,84
2007,Houston Astros,73,89
2007,Cincinnati Reds,72,90
2007,Pittsburgh Pirates,68,94
2007,Arizona Diamondbacks,90,72
2007,Colorado Rockies,90,73
2007,San Diego Padres,89,74
2007,Los Angeles Dodgers,82,80
2007,San Francisco Giants,71,91
2008,Tampa Bay Rays,97,65
2008,Boston Red Sox,95,67
2008,New York Yankees,89,73
2008,Toronto Blue Jays,86,76
2008,Baltimore Orioles,68,93
2008,Chicago White Sox,89,74
2008,Minnesota Twins,88,75
2008,Cleveland Indians,81,81
2008,Kansas City Royals,75,87
2008,Detroit Tigers,74,88
2008,Los Angeles Angels of Anaheim,100,62
2008,Texas Rangers,79,83
2008,Oakland Athletics,75,86
2008,Seattle Mariners,61,101
2008,Philadelphia Phillies,92,70
2008,New York Mets,89,73
2008,Florida Marlins,84,77
2008,Atlanta Braves,72,90
2008,Washington Nationals,59,102
2008,Chicago Cubs,97,64
2008,Milwaukee Brewers,90,72
2008,Houston Astros,86,75
2008,St. Louis Cardinals,86,76
2008,Cincinnati Reds,74,88
2008,Pittsburgh Pirates,67,95
2008,Los Angeles Dodgers,84,78
2008,Arizona Diamondbacks,82,80
2008,Colorado Rockies,74,88
2008,San Francisco Giants,72,90
2008,San Diego Padres,63,99
2009,New York Yankees,103,59
2009,Boston Red Sox,95,67
2009,Tampa Bay Rays,84,78
2009,Toronto Blue Jays,75,87
2009,Baltimore Orioles,64,98
2009,Minnesota Twins,87,76
2009,Detroit Tigers,86,77
2009,Chicago White Sox,79,83
2009,Cleveland Indians,65,97
2009,Kansas City Royals,65,97
2009,Los Angeles Angels of Anaheim,97,65
2009,Texas Rangers,87,75
2009,Seattle Mariners,85,77
2009,Oakland Athletics,75,87
2009,Philadelphia Phillies,93,69
2009,Florida Marlins,87,75
2009,Atlanta Braves,86,76
2009,New York Mets,70,92
2009,Washington Nationals,59,103
2009,St. Louis Cardinals,91,71
2009,Chicago Cubs,83,78
2009,Milwaukee Brewers,80,82
2009,Cincinnati Reds,78,84
2009,Houston Astros,74,88
2009,Pittsburgh Pirates,62,99
2009,Los Angeles Dodgers,95,67
2009,Colorado Rockies,92,70
2009,San Francisco Giants,88,74
2009,San Diego Padres,75,87
2009,Arizona Diamondbacks,70,92
2010,Tampa Bay Rays,96,66
2010,New York Yankees,95,67
2010,Boston Red Sox,89,73
2010,Toronto Blue Jays,85,77
2010,Baltimore Orioles,66,96
2010,Minnesota Twins,94,68
2010,Chicago White Sox,88,74
2010,Detroit Tigers,81,81
2010,Cleveland Indians,69,93
2010,Kansas City Royals,67,95
2010,Texas Rangers,90,72
2010,Oakland Athletics,81,81
2010,Los Angeles Angels of Anaheim,80,82
2010,Seattle Mariners,61,101
2010,Philadelphia Phillies,97,65
2010,Atlanta Braves,91,71
2010,Florida Marlins,80,82
2010,New York Mets,79,83
2010,Washington Nationals,69,93
2010,Cincinnati Reds,91,71
2010,St. Louis Cardinals,86,76
2010,Milwaukee Brewers,77,85
2010,Houston Astros,76,86
2010,Chicago Cubs,75,87
2010,Pittsburgh Pirates,57,105
2010,San Francisco Giants,92,70
2010,San Diego Padres,90,72
2010,Colorado Rockies,83,79
2010,Los Angeles Dodgers,80,82
2010,Arizona Diamondbacks,65,97
2011,New York Yankees,97,65
2011,Tampa Bay Rays,91,71
2011,Boston Red Sox,90,72
2011,Toronto Blue Jays,81,81
2011,Baltimore Orioles,69,93
2011,Detroit Tigers,95,67
2011,Cleveland Indians,80,82
2011,Chicago White Sox,79,83
2011,Kansas City Royals,71,91
2011,Minnesota Twins,63,99
2011,Texas Rangers,96,66
2011,Los Angeles Angels of Anaheim,86,76
2011,Oakland Athletics,74,88
2011,Seattle Mariners,67,95
2011,Philadelphia Phillies,102,60
2011,Atlanta Braves,89,73
2011,Washington Nationals,80,81
2011,New York Mets,77,85
2011,Florida Marlins,72,90
2011,Milwaukee Brewers,96,66
2011,St. Louis Cardinals,90,72
2011,Cincinnati Reds,79,83
2011,Pittsburgh Pirates,72,90
2011,Chicago Cubs,71,91
2011,Houston Astros,56,106
2011,Arizona Diamondbacks,94,68
2011,San Francisco Giants,86,76
2011,Los Angeles Dodgers,82,79
2011,Colorado Rockies,73,89
2011,San Diego Padres,71,91
2012,New York Yankees,95,67
2012,Baltimore Orioles,93,69
2012,Tampa Bay Rays,90,72
2012,Toronto Blue Jays,73,89
2012,Boston Red Sox,69,93
2012,Detroit Tigers,88,74
2012,Chicago White Sox,85,77
2012,Kansas City Royals,72,90
2012,Cleveland Indians,68,94
2012,Minnesota Twins,66,96
2012,Oakland Athletics,94,68
2012,Texas Rangers,93,69
2012,Los Angeles Angels of Anaheim,89,73
2012,Seattle Mariners,75,87
2012,Washington Nationals,98,64
2012,Atlanta Braves,94,68
2012,Philadelphia Phillies,81,81
2012,New York Mets,74,88
2012,Miami Marlins,69,93
2012,Cincinnati Reds,97,65
2012,St. Louis Cardinals,88,74
2012,Milwaukee Brewers,83,79
2012,Pittsburgh Pirates,79,83
2012,Chicago Cubs,61,101
2012,Houston Astros,55,107
2012,San Francisco Giants,94,68
2012,Los Angeles Dodgers,86,76
2012,Arizona Diamondbacks,81,81
2012,San Diego Padres,76,86
2012,Colorado Rockies,64,98
2013,Boston Red Sox,97,65
2013,Tampa Bay Rays,92,71
2013,Baltimore Orioles,85,77
2013,New York Yankees,85,77
2013,Toronto Blue Jays,74,88
2013,Detroit Tigers,93,69
2013,Cleveland Indians,92,70
2013,Kansas City Royals,86,76
2013,Minnesota Twins,66,96
2013,Chicago White Sox,63,99
2013,Oakland Athletics,96,66
2013,Texas Rangers,91,72
2013,Los Angeles Angels of Anaheim,78,84
2013,Seattle Mariners,71,91
2013,Houston Astros,51,111
2013,Atlanta Braves,96,66
2013,Washington Nationals,86,76
2013,New York Mets,74,88
2013,Philadelphia Phillies,73,89
2013,Miami Marlins,62,100
2013,St. Louis Cardinals,97,65
2013,Pittsburgh Pirates,94,68
2013,Cincinnati Reds,90,72
2013,Milwaukee Brewers,74,88
2013,Chicago Cubs,66,96
2013,Los Angeles Dodgers,92,70
2013,Arizona Diamondbacks,81,81
2013,San Diego Padres,76,86
2013,San Francisco Giants,76,86
2013,Colorado Rockies,74,88
2014,Baltimore Orioles,96,66
2014,New York Yankees,84,78
2014,Toronto Blue Jays,83,79
2014,Tampa Bay Rays,77,85
2014,Boston Red Sox,71,91
2014,Detroit Tigers,90,72
2014,Kansas City Royals,89,73
2014,Cleveland Indians,85,77
2014,Chicago White Sox,73,89
2014,Minnesota Twins,70,92
2014,Los Angeles Angels of Anaheim,98,64
2014,Oakland Athletics,88,74
2014,Seattle Mariners,87,75
2014,Houston Astros,70,92
2014,Texas Rangers,67,95
2014,Washington Nationals,96,66
2014,Atlanta Braves,79,83
2014,New York Mets,79,83
2014,Miami Marlins,77,85
2014,Philadelphia Phillies,73,89
2014,St. Louis Cardinals,90,72
2014,Pittsburgh Pirates,88,74
2014,Milwaukee Brewers,82,80
2014,Cincinnati Reds,76,86
2014,Chicago Cubs,73,89
2014,Los Angeles Dodgers,94,68
2014,San Francisco Giants,88,74
2014,San Diego Padres,77,85
2014,Colorado Rockies,66,96
2014,Arizona Diamondbacks,64,98
2015,Toronto Blue Jays,93,69
2015,New York Yankees,87,75
2015,Baltimore Orioles,81,81
2015,Tampa Bay Rays,80,82
2015,Boston Red Sox,78,84
2015,Kansas City Royals,95,67
2015,Minnesota Twins,83,79
2015,Cleveland Indians,81,80
2015,Chicago White Sox,76,86
2015,Detroit Tigers,74,87
2015,Texas Rangers,88,74
2015,Houston Astros,86,76
2015,Los Angeles Angels of Anaheim,85,77
2015,Seattle Mariners,76,86
2015,Oakland Athletics,68,94
2015,New York Mets,90,72
2015,Washington Nationals,83,79
2015,Miami Marlins,71,91
2015,Atlanta Braves,67,95
2015,Philadelphia Phillies,63,99
2015,St. Louis Cardinals,100,62
2015,Pittsburgh Pirates,98,64
2015,Chicago Cubs,97,65
2015,Milwaukee Brewers,68,94
2015,Cincinnati Reds,64,98
2015,Los Angeles Dodgers,92,70
2015,San Francisco Giants,84,78
2015,Arizona Diamondbacks,79,83
2015,San Diego Padres,74,88
2015,Colorado Rockies,68,94
2016,Boston Red Sox,93,69
2016,Baltimore Orioles,89,73
2016,Toronto Blue Jays,89,73
2016,New York Yankees,84,78
2016,Tampa Bay Rays,68,94
2016,Cleveland Indians,94,67
2016,Detroit Tigers,86,75
2016,Kansas City Royals,81,81
2016,Chicago White Sox,78,84
2016,Minnesota Twins,59,103
2016,Texas Rangers,95,67
2016,Seattle Mariners,86,76
2016,Houston Astros,84,78
2016,Los Angeles Angels,74,88
2016,Oakland Athletics,69,93
2016,Washington Nationals,95,67
2016,New York Mets,87,75
2016,Miami Marlins,79,82
2016,Philadelphia Phillies,71,91
2016,Atlanta Braves,68,93
2016,Chicago Cubs,103,58
2016,St. Louis Cardinals,86,76
2016,Pittsburgh Pirates,78,83
2016,Milwaukee Brewers,73,89
2016,Cincinnati Reds,68,94
2016,Los Angeles Dodgers,91,71
2016,San Francisco Giants,87,75
2016,Colorado Rockies,75,87
2016,Arizona Diamondbacks,69,93
2016,San Diego Padres,68,94
2017,Boston Red Sox,93,69
2017,New York Yankees,91,71
2017,Tampa Bay Rays,80,82
2017,Toronto Blue Jays,76,86
2017,Baltimore Orioles,75,87
2017,Cleveland Indians,102,60
2017,Minnesota Twins,85,77
2017,Kansas City Royals,80,82
2017,Chicago White Sox,67,95
2017,Detroit Tigers,64,98
2017,Houston Astros,101,61
2017,Los Angeles Angels,80,82
2017,Seattle Mariners,78,84
2017,Texas Rangers,78,84
2017,Oakland Athletics,75,87
2017,Washington Nationals,97,65
2017,Miami Marlins,77,85
2017,Atlanta Braves,72,90
2017,New York Mets,70,92
2017,Philadelphia Phillies,66,96
2017,Chicago Cubs,92,70
2017,Milwaukee Brewers,86,76
2017,St. Louis Cardinals,83,79
2017,Pittsburgh Pirates,75,87
2017,Cincinnati Reds,68,94
2017,Los Angeles Dodgers,104,58
2017,Arizona Diamondbacks,93,69
2017,Colorado Rockies,87,75
2017,San Diego Padres,71,91
2017,San Francisco Giants,64,98
2018,Boston Red Sox,108,54
2018,New York Yankees,100,62
2018,Tampa Bay Rays,90,72
2018,Toronto Blue Jays,73,89
2018,Baltimore Orioles,47,115
2018,Cleveland Indians,91,71
2018,Minnesota Twins,78,84
2018,Detroit Tigers,64,98
2018,Chicago White Sox,62,100
2018,Kansas City Royals,58,104
2018,Houston Astros,103,59
2018,Oakland Athletics,97,65
2018,Seattle Mariners,89,73
2018,Los Angeles Angels,80,82
2018,Texas Rangers,67,95
2018,Atlanta Braves,90,72
2018,Washington Nationals,82,80
2018,Philadelphia Phillies,80,82
2018,New York Mets,77,85
2018,Miami Marlins,63,98
2018,Milwaukee Brewers,96,67
2018,Chicago Cubs,95,68
2018,St. Louis Cardinals,88,74
2018,Pittsburgh Pirates,82,79
2018,Cincinnati Reds,67,95
2018,Los Angeles Dodgers,92,71
2018,Colorado Rockies,91,72
2018,Arizona Diamondbacks,82,80
2018,San Francisco Giants,73,89
2018,San Diego Padres,66,96
2019,New York Yankees,103,59
2019,Tampa Bay Rays,96,66
2019,Boston Red Sox,84,78
2019,Toronto Blue Jays,67,95
2019,Baltimore Orioles,54,108
2019,Minnesota Twins,101,61
2019,Cleveland Indians,93,69
2019,Chicago White Sox,72,89
2019,Kansas City Royals,59,103
2019,Detroit Tigers,47,114
2019,Houston Astros,107,55
2019,Oakland Athletics,97,65
2019,Texas Rangers,78,84
2019,Los Angeles Angels,72,90
2019,Seattle Mariners,68,94
2019,Atlanta Braves,97,65
2019,Washington Nationals,93,69
2019,New York Mets,86,76
2019,Philadelphia Phillies,81,81
2019,Miami Marlins,57,105
2019,St. Louis Cardinals,91,71
2019,Milwaukee Brewers,89,73
2019,Chicago Cubs,84,78
2019,Cincinnati Reds,75,87
2019,Pittsburgh Pirates,69,93
2019,Los Angeles Dodgers,106,56
2019,Arizona Diamondbacks,85,77
2019,San Francisco Giants,77,85
2019,Colorado Rockies,71,91
2019,San Diego Padres,70,92
2020,Tampa Bay Rays,40,20
2020,New York Yankees,33,27
2020,Toronto Blue Jays,32,28
2020,Baltimore Orioles,25,35
2020,Boston Red Sox,24,36
2020,Minnesota Twins,36,24
2020,Chicago White Sox,35,25
2020,Cleveland Indians,35,25
2020,Kansas City Royals,26,34
2020,Detroit Tigers,23,35
2020,Oakland Athletics,36,24
2020,Houston Astros,29,31
2020,Seattle Mariners,27,33
2020,Los Angeles Angels,26,34
2020,Texas Rangers,22,38
2020,Atlanta Braves,35,25
2020,Miami Marlins,31,29
2020,Philadelphia Phillies,28,32
2020,New York Mets,26,34
2020,Washington Nationals,26,34
2020,Chicago Cubs,34,26
2020,Cincinnati Reds,31,29
2020,St. Louis Cardinals,30,28
2020,Milwaukee Brewers,29,31
2020,Pittsburgh Pirates,19,41
2020,Los Angeles Dodgers,43,17
2020,San Diego Padres,37,23
2020,San Francisco Giants,29,31
2020,Colorado Rockies,26,34
2020,Arizona Diamondbacks,25,35
